{
"type": "FeatureCollection",
"name": "fields",
"crs": { "type": "name", "properties": { "name": "urn:ogc:def:crs:OGC:1.3:CRS84" } },
"features": [
{ "type": "Feature", "properties": { "id": 5, "bg": "0", "area": 24.732006072998047 }, "geometry": { "type": "Polygon", "coordinates": [ [ [ 16.115189019202241, 46.658180655674791 ], [ 16.115189019202241, 46.65818038941179 ], [ 16.11518863249217, 46.65818038941179 ], [ 16.11518863249217, 46.658179590622787 ], [ 16.1151882457821, 46.658179590622787 ], [ 16.1151882457821, 46.658178791833784 ], [ 16.11518785907203, 46.658178791833784 ], [ 16.11518785907203, 46.658177460518779 ], [ 16.11518747236196, 46.658177460518779 ], [ 16.11518747236196, 46.658176927992777 ], [ 16.11518708565189, 46.658176927992777 ], [ 16.11518708565189, 46.658176129203774 ], [ 16.11518669894182, 46.658176129203774 ], [ 16.11518669894182, 46.658174265362767 ], [ 16.115186312231749, 46.658174265362767 ], [ 16.115186312231749, 46.658172667784761 ], [ 16.115185925521679, 46.658172667784761 ], [ 16.115185925521679, 46.658171868995758 ], [ 16.115186312231749, 46.658171868995758 ], [ 16.115186312231749, 46.658171336469756 ], [ 16.115185925521679, 46.658171336469756 ], [ 16.115185925521679, 46.658171070206755 ], [ 16.115185538811609, 46.658171070206755 ], [ 16.115185538811609, 46.658170271417752 ], [ 16.115185152101539, 46.658170271417752 ], [ 16.115185152101539, 46.65816973889175 ], [ 16.115185538811609, 46.65816973889175 ], [ 16.115185538811609, 46.658169472628749 ], [ 16.115185152101539, 46.658169472628749 ], [ 16.115185152101539, 46.658169206365748 ], [ 16.115184765391469, 46.658169206365748 ], [ 16.115184765391469, 46.658168141313745 ], [ 16.115184378681398, 46.658168141313745 ], [ 16.115184378681398, 46.658167342524742 ], [ 16.115183991971328, 46.658167342524742 ], [ 16.115183991971328, 46.658166277472738 ], [ 16.115183605261258, 46.658166277472738 ], [ 16.115183605261258, 46.658165478683735 ], [ 16.115183218551188, 46.658165478683735 ], [ 16.115183218551188, 46.658164413631731 ], [ 16.115182831841118, 46.658164413631731 ], [ 16.115182831841118, 46.658163348579727 ], [ 16.115182445131047, 46.658163348579727 ], [ 16.115182445131047, 46.658162283527723 ], [ 16.115182058420977, 46.658162283527723 ], [ 16.115182058420977, 46.658161218475719 ], [ 16.115181671710907, 46.658161218475719 ], [ 16.115181671710907, 46.658160153423715 ], [ 16.115181285000837, 46.658160153423715 ], [ 16.115181285000837, 46.658159354634712 ], [ 16.115180898290767, 46.658159354634712 ], [ 16.115180898290767, 46.658158555845709 ], [ 16.115180511580697, 46.658158555845709 ], [ 16.115180511580697, 46.658157490793705 ], [ 16.115180124870626, 46.658157490793705 ], [ 16.115180124870626, 46.6581561594787 ], [ 16.115179738160556, 46.6581561594787 ], [ 16.115179738160556, 46.658155360689697 ], [ 16.115179351450486, 46.658155360689697 ], [ 16.115179351450486, 46.658154561900695 ], [ 16.115178964740416, 46.658154561900695 ], [ 16.115178964740416, 46.658153763111692 ], [ 16.115178578030346, 46.658153763111692 ], [ 16.115178578030346, 46.658152698059688 ], [ 16.115178191320275, 46.658152698059688 ], [ 16.115178191320275, 46.658151633007684 ], [ 16.115177804610205, 46.658151633007684 ], [ 16.115177804610205, 46.658150301692679 ], [ 16.115177417900135, 46.658150301692679 ], [ 16.115177417900135, 46.658149236640675 ], [ 16.115177031190065, 46.658149236640675 ], [ 16.115177031190065, 46.658148970377674 ], [ 16.115176644479995, 46.658148970377674 ], [ 16.115176644479995, 46.658147639062669 ], [ 16.115176257769924, 46.658147639062669 ], [ 16.115176257769924, 46.658146840273666 ], [ 16.115175871059854, 46.658146840273666 ], [ 16.115175871059854, 46.658146307747664 ], [ 16.115175484349784, 46.658146307747664 ], [ 16.115175484349784, 46.658145508958661 ], [ 16.115175097639714, 46.658145508958661 ], [ 16.115175097639714, 46.658144710169658 ], [ 16.115174710929644, 46.658144710169658 ], [ 16.115174710929644, 46.658144177643656 ], [ 16.115174324219574, 46.658144177643656 ], [ 16.115174324219574, 46.658143112591652 ], [ 16.115173937509503, 46.658143112591652 ], [ 16.115173937509503, 46.658142313802649 ], [ 16.115173550799433, 46.658142313802649 ], [ 16.115173550799433, 46.658141515013646 ], [ 16.115173164089363, 46.658141515013646 ], [ 16.115173164089363, 46.658140982487645 ], [ 16.115172777379293, 46.658140982487645 ], [ 16.115172777379293, 46.658140183698642 ], [ 16.115172390669223, 46.658140183698642 ], [ 16.115172390669223, 46.658139384909639 ], [ 16.115172003959152, 46.658139384909639 ], [ 16.115172003959152, 46.658138852383637 ], [ 16.115171617249082, 46.658138852383637 ], [ 16.115171617249082, 46.658137787331633 ], [ 16.115171230539012, 46.658137787331633 ], [ 16.115171230539012, 46.65813698854263 ], [ 16.115170843828942, 46.65813698854263 ], [ 16.115170843828942, 46.658135923490626 ], [ 16.115170457118872, 46.658135923490626 ], [ 16.115170457118872, 46.658135390964624 ], [ 16.115170070408801, 46.658135390964624 ], [ 16.115170070408801, 46.658134592175621 ], [ 16.115169683698731, 46.658134592175621 ], [ 16.115169683698731, 46.658134059649619 ], [ 16.115169296988661, 46.658134059649619 ], [ 16.115169296988661, 46.658133527123617 ], [ 16.115168910278591, 46.658133527123617 ], [ 16.115168910278591, 46.658132994597615 ], [ 16.115168523568521, 46.658132994597615 ], [ 16.115168523568521, 46.658132728334614 ], [ 16.115168136858451, 46.658132728334614 ], [ 16.115168136858451, 46.658132195808612 ], [ 16.11516775014838, 46.658132195808612 ], [ 16.11516775014838, 46.658130864493607 ], [ 16.115168136858451, 46.658130864493607 ], [ 16.115168136858451, 46.658130598230606 ], [ 16.115168523568521, 46.658130598230606 ], [ 16.115168523568521, 46.658129799441603 ], [ 16.115168136858451, 46.658129799441603 ], [ 16.115168136858451, 46.6581290006526 ], [ 16.11516775014838, 46.6581290006526 ], [ 16.11516775014838, 46.658127935600596 ], [ 16.11516736343831, 46.658127935600596 ], [ 16.11516736343831, 46.658127136811594 ], [ 16.11516697672824, 46.658127136811594 ], [ 16.11516697672824, 46.658125805496589 ], [ 16.11516659001817, 46.658125805496589 ], [ 16.11516659001817, 46.658125006707586 ], [ 16.1151662033081, 46.658125006707586 ], [ 16.1151662033081, 46.658123941655582 ], [ 16.115165816598029, 46.658123941655582 ], [ 16.115165816598029, 46.658123142866579 ], [ 16.115165429887959, 46.658123142866579 ], [ 16.115165429887959, 46.658122344077576 ], [ 16.115165043177889, 46.658122344077576 ], [ 16.115165043177889, 46.658121545288573 ], [ 16.115164656467819, 46.658121545288573 ], [ 16.115164656467819, 46.658120480236569 ], [ 16.115164269757749, 46.658120480236569 ], [ 16.115164269757749, 46.658119415184565 ], [ 16.115163883047678, 46.658119415184565 ], [ 16.115163883047678, 46.658118616395562 ], [ 16.115163496337608, 46.658118616395562 ], [ 16.115163496337608, 46.658117285080557 ], [ 16.115163109627538, 46.658117285080557 ], [ 16.115163109627538, 46.658116486291554 ], [ 16.115162722917468, 46.658116486291554 ], [ 16.115162722917468, 46.658115687502551 ], [ 16.115162336207398, 46.658115687502551 ], [ 16.115162336207398, 46.658114356187546 ], [ 16.115161949497327, 46.658114356187546 ], [ 16.115161949497327, 46.658113291135543 ], [ 16.115161562787257, 46.658113291135543 ], [ 16.115161562787257, 46.658112226083539 ], [ 16.115161176077187, 46.658112226083539 ], [ 16.115161176077187, 46.658111427294536 ], [ 16.115160789367117, 46.658111427294536 ], [ 16.115160789367117, 46.658110628505533 ], [ 16.115160402657047, 46.658110628505533 ], [ 16.115160402657047, 46.658110095979531 ], [ 16.115160015946977, 46.658110095979531 ], [ 16.115160015946977, 46.658109030927527 ], [ 16.115159629236906, 46.658109030927527 ], [ 16.115159629236906, 46.658107699612522 ], [ 16.115159242526836, 46.658107699612522 ], [ 16.115159242526836, 46.658105835771515 ], [ 16.115158855816766, 46.658105835771515 ], [ 16.115158855816766, 46.658104238193509 ], [ 16.115158469106696, 46.658104238193509 ], [ 16.115158469106696, 46.658103439404506 ], [ 16.115158082396626, 46.658103439404506 ], [ 16.115158082396626, 46.6581018418265 ], [ 16.115157695686555, 46.6581018418265 ], [ 16.115157695686555, 46.658100776774496 ], [ 16.115157308976485, 46.658100776774496 ], [ 16.115157308976485, 46.658099977985493 ], [ 16.115156922266415, 46.658099977985493 ], [ 16.115156922266415, 46.658099179196491 ], [ 16.115156535556345, 46.658099179196491 ], [ 16.115156535556345, 46.658098114144487 ], [ 16.115156148846275, 46.658098114144487 ], [ 16.115156148846275, 46.658097581618485 ], [ 16.115155762136204, 46.658097581618485 ], [ 16.115155762136204, 46.658096782829482 ], [ 16.115155375426134, 46.658096782829482 ], [ 16.115155375426134, 46.658095717777478 ], [ 16.115154988716064, 46.658095717777478 ], [ 16.115154988716064, 46.658094918988475 ], [ 16.115154602005994, 46.658094918988475 ], [ 16.115154602005994, 46.658093853936471 ], [ 16.115154215295924, 46.658093853936471 ], [ 16.115154215295924, 46.658092788884467 ], [ 16.115153828585854, 46.658092788884467 ], [ 16.115153828585854, 46.658091990095464 ], [ 16.115153441875783, 46.658091990095464 ], [ 16.115153441875783, 46.658091191306461 ], [ 16.115153055165713, 46.658091191306461 ], [ 16.115153055165713, 46.658090392517458 ], [ 16.115152668455643, 46.658090392517458 ], [ 16.115152668455643, 46.658089327465454 ], [ 16.115152281745573, 46.658089327465454 ], [ 16.115152281745573, 46.658088528676451 ], [ 16.115151895035503, 46.658088528676451 ], [ 16.115151895035503, 46.658087729887448 ], [ 16.115151508325432, 46.658087729887448 ], [ 16.115151508325432, 46.658086931098445 ], [ 16.115151121615362, 46.658086931098445 ], [ 16.115151121615362, 46.658085866046441 ], [ 16.115150734905292, 46.658085866046441 ], [ 16.115150734905292, 46.658084534731437 ], [ 16.115150348195222, 46.658084534731437 ], [ 16.115150348195222, 46.658083735942434 ], [ 16.115149961485152, 46.658083735942434 ], [ 16.115149961485152, 46.658082937153431 ], [ 16.115149574775081, 46.658082937153431 ], [ 16.115149574775081, 46.658082138364428 ], [ 16.115149188065011, 46.658082138364428 ], [ 16.115149188065011, 46.658081605838426 ], [ 16.115148801354941, 46.658081605838426 ], [ 16.115148801354941, 46.658080807049423 ], [ 16.115148414644871, 46.658080807049423 ], [ 16.115148414644871, 46.658080274523421 ], [ 16.115148027934801, 46.658080274523421 ], [ 16.115148027934801, 46.658079209471417 ], [ 16.115147641224731, 46.658079209471417 ], [ 16.115147641224731, 46.658078676945415 ], [ 16.11514725451466, 46.658078676945415 ], [ 16.11514725451466, 46.658077878156412 ], [ 16.11514686780459, 46.658077878156412 ], [ 16.11514686780459, 46.658077079367409 ], [ 16.11514648109452, 46.658077079367409 ], [ 16.11514648109452, 46.658076280578406 ], [ 16.11514609438445, 46.658076280578406 ], [ 16.11514609438445, 46.658075481789403 ], [ 16.11514570767438, 46.658075481789403 ], [ 16.11514570767438, 46.658074416737399 ], [ 16.115145320964309, 46.658074416737399 ], [ 16.115145320964309, 46.658073617948396 ], [ 16.115144934254239, 46.658073617948396 ], [ 16.115144934254239, 46.658072552896392 ], [ 16.115144547544169, 46.658072552896392 ], [ 16.115144547544169, 46.658071754107389 ], [ 16.115144160834099, 46.658071754107389 ], [ 16.115144160834099, 46.658071221581388 ], [ 16.115143774124029, 46.658071221581388 ], [ 16.115143774124029, 46.658070689055386 ], [ 16.115143387413958, 46.658070689055386 ], [ 16.115143387413958, 46.658070156529384 ], [ 16.115143000703888, 46.658070156529384 ], [ 16.115143000703888, 46.658069890266383 ], [ 16.115142613993818, 46.658069890266383 ], [ 16.115142613993818, 46.658069624003382 ], [ 16.115142227283748, 46.658069624003382 ], [ 16.115142227283748, 46.658069890266383 ], [ 16.115140680443467, 46.658069890266383 ], [ 16.115140680443467, 46.658064565006363 ], [ 16.115140293733397, 46.658064565006363 ], [ 16.115140293733397, 46.658064298743362 ], [ 16.115139907023327, 46.658064298743362 ], [ 16.115139907023327, 46.658064032480361 ], [ 16.115139520313257, 46.658064032480361 ], [ 16.115139520313257, 46.65806376621736 ], [ 16.115139133603186, 46.65806376621736 ], [ 16.115139133603186, 46.658063499954359 ], [ 16.115138746893116, 46.658063499954359 ], [ 16.115138746893116, 46.658062967428357 ], [ 16.115139133603186, 46.658062967428357 ], [ 16.115139133603186, 46.658062701165356 ], [ 16.115189405912311, 46.658062701165356 ], [ 16.115189405912311, 46.658062967428357 ], [ 16.115189792622381, 46.658062967428357 ], [ 16.115189792622381, 46.65818038941179 ], [ 16.115189405912311, 46.65818038941179 ], [ 16.115189405912311, 46.658180655674791 ], [ 16.115189019202241, 46.658180655674791 ] ] ] } },
{ "type": "Feature", "properties": { "id": 11, "bg": "0", "area": 1504.954833984375 }, "geometry": { "type": "Polygon", "coordinates": [ [ [ 16.114793801510508, 46.658266924887108 ], [ 16.114793801510508, 46.658199294084859 ], [ 16.114793414800438, 46.658199294084859 ], [ 16.114793414800438, 46.658199027821858 ], [ 16.114727674088506, 46.658199027821858 ], [ 16.114725740538155, 46.658199027821858 ], [ 16.114725740538155, 46.658198761558857 ], [ 16.114725353828085, 46.658198761558857 ], [ 16.114725353828085, 46.658198495295856 ], [ 16.114724967118015, 46.658198495295856 ], [ 16.114724967118015, 46.658197962769854 ], [ 16.114724580407945, 46.658197962769854 ], [ 16.114724580407945, 46.658197696506853 ], [ 16.114724193697874, 46.658197696506853 ], [ 16.114724193697874, 46.658197430243852 ], [ 16.114723806987804, 46.658197430243852 ], [ 16.114723806987804, 46.658197163980851 ], [ 16.114723420277734, 46.658197163980851 ], [ 16.114723420277734, 46.65819663145485 ], [ 16.114723033567664, 46.65819663145485 ], [ 16.114723033567664, 46.658195566402846 ], [ 16.114722646857594, 46.658195566402846 ], [ 16.114722646857594, 46.658194501350842 ], [ 16.114722260147524, 46.658194501350842 ], [ 16.114722260147524, 46.658193436298838 ], [ 16.114721873437453, 46.658193436298838 ], [ 16.114721873437453, 46.658192371246834 ], [ 16.114721486727383, 46.658192371246834 ], [ 16.114721486727383, 46.658191039931829 ], [ 16.114721100017313, 46.658191039931829 ], [ 16.114721100017313, 46.658189708616824 ], [ 16.114720713307243, 46.658189708616824 ], [ 16.114720713307243, 46.658189442353823 ], [ 16.114720326597173, 46.658189442353823 ], [ 16.114720326597173, 46.658189176090822 ], [ 16.114719939887102, 46.658189176090822 ], [ 16.114719939887102, 46.658188909827821 ], [ 16.114719553177032, 46.658188909827821 ], [ 16.114719553177032, 46.65818864356482 ], [ 16.114719166466962, 46.65818864356482 ], [ 16.114719166466962, 46.658188377301819 ], [ 16.114718779756892, 46.658188377301819 ], [ 16.114718779756892, 46.658188111038818 ], [ 16.114718006336751, 46.658188111038818 ], [ 16.114718006336751, 46.658187844775817 ], [ 16.114717619626681, 46.658187844775817 ], [ 16.114717619626681, 46.658187578512816 ], [ 16.114716459496471, 46.658187578512816 ], [ 16.114716459496471, 46.658187312249815 ], [ 16.11471568607633, 46.658187312249815 ], [ 16.11471568607633, 46.658187045986814 ], [ 16.11471529936626, 46.658187045986814 ], [ 16.11471529936626, 46.658186779723813 ], [ 16.11471491265619, 46.658186779723813 ], [ 16.11471491265619, 46.658186513460812 ], [ 16.11471452594612, 46.658186513460812 ], [ 16.11471452594612, 46.658185448408808 ], [ 16.11471413923605, 46.658185448408808 ], [ 16.11471413923605, 46.658184915882806 ], [ 16.114713752525979, 46.658184915882806 ], [ 16.114713752525979, 46.658184649619805 ], [ 16.114713365815909, 46.658184649619805 ], [ 16.114713365815909, 46.658184383356804 ], [ 16.114712979105839, 46.658184383356804 ], [ 16.114712979105839, 46.658184117093803 ], [ 16.114712592395769, 46.658184117093803 ], [ 16.114712592395769, 46.6581833183048 ], [ 16.114712205685699, 46.6581833183048 ], [ 16.114712205685699, 46.658181986989796 ], [ 16.114711818975628, 46.658181986989796 ], [ 16.114711818975628, 46.658180655674791 ], [ 16.114711432265558, 46.658180655674791 ], [ 16.114711432265558, 46.658177993044781 ], [ 16.114711818975628, 46.658177993044781 ], [ 16.114711818975628, 46.658176395466775 ], [ 16.114712205685699, 46.658176395466775 ], [ 16.114712205685699, 46.65816973889175 ], [ 16.114711818975628, 46.65816973889175 ], [ 16.114711818975628, 46.658167342524742 ], [ 16.114711432265558, 46.658167342524742 ], [ 16.114711432265558, 46.658165744946736 ], [ 16.114711045555488, 46.658165744946736 ], [ 16.114711045555488, 46.658165212420734 ], [ 16.114710658845418, 46.658165212420734 ], [ 16.114710658845418, 46.658164413631731 ], [ 16.114710272135348, 46.658164413631731 ], [ 16.114710272135348, 46.65816414736873 ], [ 16.114709885425277, 46.65816414736873 ], [ 16.114709885425277, 46.658163881105729 ], [ 16.114709498715207, 46.658163881105729 ], [ 16.114709498715207, 46.658163614842728 ], [ 16.114709112005137, 46.658163614842728 ], [ 16.114709112005137, 46.658163348579727 ], [ 16.114708725295067, 46.658163348579727 ], [ 16.114708725295067, 46.658162816053725 ], [ 16.114708338584997, 46.658162816053725 ], [ 16.114708338584997, 46.658162549790724 ], [ 16.114707951874927, 46.658162549790724 ], [ 16.114707951874927, 46.658162017264722 ], [ 16.114707565164856, 46.658162017264722 ], [ 16.114707565164856, 46.658161218475719 ], [ 16.114707178454786, 46.658161218475719 ], [ 16.114707178454786, 46.658160153423715 ], [ 16.114706791744716, 46.658160153423715 ], [ 16.114706791744716, 46.658157490793705 ], [ 16.114706405034646, 46.658157490793705 ], [ 16.114706405034646, 46.658156692004702 ], [ 16.114706791744716, 46.658156692004702 ], [ 16.114706791744716, 46.658155094426697 ], [ 16.114707178454786, 46.658155094426697 ], [ 16.114707178454786, 46.658152698059688 ], [ 16.114707565164856, 46.658152698059688 ], [ 16.114707565164856, 46.658150035429678 ], [ 16.114707178454786, 46.658150035429678 ], [ 16.114707178454786, 46.658148970377674 ], [ 16.114706791744716, 46.658148970377674 ], [ 16.114706791744716, 46.658148704114673 ], [ 16.114706405034646, 46.658148704114673 ], [ 16.114706405034646, 46.658147372799668 ], [ 16.114706018324576, 46.658147372799668 ], [ 16.114706018324576, 46.658146574010665 ], [ 16.114705631614505, 46.658146574010665 ], [ 16.114705631614505, 46.658144443906657 ], [ 16.114705244904435, 46.658144443906657 ], [ 16.114705244904435, 46.658140183698642 ], [ 16.114704858194365, 46.658140183698642 ], [ 16.114704858194365, 46.658138586120636 ], [ 16.114704471484295, 46.658138586120636 ], [ 16.114704471484295, 46.658138053594634 ], [ 16.114704084774225, 46.658138053594634 ], [ 16.114704084774225, 46.658137787331633 ], [ 16.114703698064154, 46.658137787331633 ], [ 16.114703698064154, 46.658137521068632 ], [ 16.114703311354084, 46.658137521068632 ], [ 16.114703311354084, 46.658135923490626 ], [ 16.114702924644014, 46.658135923490626 ], [ 16.114702924644014, 46.658135657227625 ], [ 16.114702537933944, 46.658135657227625 ], [ 16.114702537933944, 46.658135390964624 ], [ 16.114702151223874, 46.658135390964624 ], [ 16.114702151223874, 46.658135124701623 ], [ 16.114701764513804, 46.658135124701623 ], [ 16.114701764513804, 46.658134592175621 ], [ 16.114701377803733, 46.658134592175621 ], [ 16.114701377803733, 46.658134059649619 ], [ 16.114700991093663, 46.658134059649619 ], [ 16.114700991093663, 46.658133793386618 ], [ 16.114700604383593, 46.658133793386618 ], [ 16.114700604383593, 46.658131929545611 ], [ 16.114700991093663, 46.658131929545611 ], [ 16.114700991093663, 46.658131130756608 ], [ 16.114700604383593, 46.658131130756608 ], [ 16.114700604383593, 46.658130864493607 ], [ 16.114699444253382, 46.658130864493607 ], [ 16.114699444253382, 46.658130598230606 ], [ 16.114699057543312, 46.658130598230606 ], [ 16.114699057543312, 46.658130065704604 ], [ 16.114698670833242, 46.658130065704604 ], [ 16.114698670833242, 46.658129533178602 ], [ 16.114698284123172, 46.658129533178602 ], [ 16.114698284123172, 46.6581290006526 ], [ 16.114697897413102, 46.6581290006526 ], [ 16.114697897413102, 46.658126604285592 ], [ 16.114697510703031, 46.658126604285592 ], [ 16.114697510703031, 46.658125539233588 ], [ 16.114697123992961, 46.658125539233588 ], [ 16.114697123992961, 46.658125006707586 ], [ 16.114696737282891, 46.658125006707586 ], [ 16.114696737282891, 46.658124740444585 ], [ 16.114696350572821, 46.658124740444585 ], [ 16.114696350572821, 46.658123941655582 ], [ 16.114695963862751, 46.658123941655582 ], [ 16.114695963862751, 46.658123675392581 ], [ 16.11469519044261, 46.658123675392581 ], [ 16.11469519044261, 46.65812340912958 ], [ 16.11469480373254, 46.65812340912958 ], [ 16.11469480373254, 46.658118350132561 ], [ 16.11469441702247, 46.658118350132561 ], [ 16.11469441702247, 46.65811808386956 ], [ 16.1146940303124, 46.65811808386956 ], [ 16.1146940303124, 46.658117817606559 ], [ 16.114693256892259, 46.658117817606559 ], [ 16.114693256892259, 46.658117551343558 ], [ 16.114692870182189, 46.658117551343558 ], [ 16.114692870182189, 46.65811542123955 ], [ 16.114693256892259, 46.65811542123955 ], [ 16.114693256892259, 46.658115154976549 ], [ 16.11469364360233, 46.658115154976549 ], [ 16.11469364360233, 46.658114888713548 ], [ 16.1146940303124, 46.658114888713548 ], [ 16.1146940303124, 46.658114622450547 ], [ 16.11469441702247, 46.658114622450547 ], [ 16.11469441702247, 46.658114356187546 ], [ 16.11469480373254, 46.658114356187546 ], [ 16.11469480373254, 46.658111427294536 ], [ 16.11469441702247, 46.658111427294536 ], [ 16.11469441702247, 46.658111161031535 ], [ 16.11469364360233, 46.658111161031535 ], [ 16.11469364360233, 46.658110894768534 ], [ 16.114693256892259, 46.658110894768534 ], [ 16.114693256892259, 46.658110628505533 ], [ 16.114691323341908, 46.658110628505533 ], [ 16.114691323341908, 46.658110362242532 ], [ 16.114690936631838, 46.658110362242532 ], [ 16.114690936631838, 46.658110095979531 ], [ 16.114690549921768, 46.658110095979531 ], [ 16.114690549921768, 46.658109297190528 ], [ 16.114690163211698, 46.658109297190528 ], [ 16.114690163211698, 46.658109030927527 ], [ 16.114690549921768, 46.658109030927527 ], [ 16.114690549921768, 46.658108498401525 ], [ 16.114690936631838, 46.658108498401525 ], [ 16.114690936631838, 46.658108232138524 ], [ 16.114692870182189, 46.658108232138524 ], [ 16.114692870182189, 46.658107965875523 ], [ 16.114693256892259, 46.658107965875523 ], [ 16.114693256892259, 46.658107699612522 ], [ 16.11469364360233, 46.658107699612522 ], [ 16.11469364360233, 46.658107433349521 ], [ 16.1146940303124, 46.658107433349521 ], [ 16.1146940303124, 46.65810716708652 ], [ 16.11469441702247, 46.65810716708652 ], [ 16.11469441702247, 46.658106900823519 ], [ 16.11469480373254, 46.658106900823519 ], [ 16.11469480373254, 46.658096782829482 ], [ 16.11469441702247, 46.658096782829482 ], [ 16.11469441702247, 46.658096516566481 ], [ 16.11469364360233, 46.658096516566481 ], [ 16.11469364360233, 46.65809625030348 ], [ 16.114693256892259, 46.65809625030348 ], [ 16.114693256892259, 46.658095984040479 ], [ 16.114692483472119, 46.658095984040479 ], [ 16.114692483472119, 46.658095717777478 ], [ 16.114691710051979, 46.658095717777478 ], [ 16.114691710051979, 46.658095451514477 ], [ 16.114691323341908, 46.658095451514477 ], [ 16.114691323341908, 46.658095185251476 ], [ 16.114690936631838, 46.658095185251476 ], [ 16.114690936631838, 46.658094918988475 ], [ 16.114690549921768, 46.658094918988475 ], [ 16.114690549921768, 46.658094386462473 ], [ 16.114690163211698, 46.658094386462473 ], [ 16.114690163211698, 46.658093853936471 ], [ 16.114689776501628, 46.658093853936471 ], [ 16.114689776501628, 46.658092256358465 ], [ 16.114690163211698, 46.658092256358465 ], [ 16.114690163211698, 46.658091990095464 ], [ 16.114690549921768, 46.658091990095464 ], [ 16.114690549921768, 46.658091723832463 ], [ 16.114690936631838, 46.658091723832463 ], [ 16.114690936631838, 46.658091457569462 ], [ 16.114691323341908, 46.658091457569462 ], [ 16.114691323341908, 46.658091191306461 ], [ 16.114691710051979, 46.658091191306461 ], [ 16.114691710051979, 46.65809092504346 ], [ 16.114692096762049, 46.65809092504346 ], [ 16.114692096762049, 46.658090658780459 ], [ 16.114692483472119, 46.658090658780459 ], [ 16.114692483472119, 46.658090392517458 ], [ 16.114692870182189, 46.658090392517458 ], [ 16.114692870182189, 46.658090126254457 ], [ 16.114693256892259, 46.658090126254457 ], [ 16.114693256892259, 46.658089061202453 ], [ 16.11469364360233, 46.658089061202453 ], [ 16.11469364360233, 46.658088528676451 ], [ 16.1146940303124, 46.658088528676451 ], [ 16.1146940303124, 46.65808826241345 ], [ 16.11469441702247, 46.65808826241345 ], [ 16.11469441702247, 46.658087996150449 ], [ 16.11469480373254, 46.658087996150449 ], [ 16.11469480373254, 46.658084268468436 ], [ 16.11469441702247, 46.658084268468436 ], [ 16.11469441702247, 46.658084002205435 ], [ 16.1146940303124, 46.658084002205435 ], [ 16.1146940303124, 46.658083735942434 ], [ 16.11469364360233, 46.658083735942434 ], [ 16.11469364360233, 46.65808267089043 ], [ 16.1146940303124, 46.65808267089043 ], [ 16.1146940303124, 46.658082404627429 ], [ 16.11469441702247, 46.658082404627429 ], [ 16.11469441702247, 46.658082138364428 ], [ 16.11469480373254, 46.658082138364428 ], [ 16.11469480373254, 46.658072552896392 ], [ 16.11469441702247, 46.658072552896392 ], [ 16.11469441702247, 46.658072286633391 ], [ 16.1146940303124, 46.658072286633391 ], [ 16.1146940303124, 46.65807202037039 ], [ 16.11469364360233, 46.65807202037039 ], [ 16.11469364360233, 46.658071754107389 ], [ 16.114693256892259, 46.658071754107389 ], [ 16.114693256892259, 46.658071487844389 ], [ 16.114692870182189, 46.658071487844389 ], [ 16.114692870182189, 46.658070689055386 ], [ 16.114693256892259, 46.658070689055386 ], [ 16.114693256892259, 46.658069890266383 ], [ 16.11469364360233, 46.658069890266383 ], [ 16.11469364360233, 46.658069624003382 ], [ 16.1146940303124, 46.658069624003382 ], [ 16.1146940303124, 46.658069357740381 ], [ 16.11469441702247, 46.658069357740381 ], [ 16.11469441702247, 46.65806909147738 ], [ 16.11469480373254, 46.65806909147738 ], [ 16.11469480373254, 46.65806376621736 ], [ 16.11469441702247, 46.65806376621736 ], [ 16.11469441702247, 46.658063499954359 ], [ 16.1146940303124, 46.658063499954359 ], [ 16.1146940303124, 46.658063233691358 ], [ 16.11469364360233, 46.658063233691358 ], [ 16.11469364360233, 46.658062967428357 ], [ 16.114693256892259, 46.658062967428357 ], [ 16.114693256892259, 46.658062701165356 ], [ 16.114579177421554, 46.658062701165356 ], [ 16.114579177421554, 46.658062967428357 ], [ 16.114578790711484, 46.658062967428357 ], [ 16.114578790711484, 46.65806376621736 ], [ 16.114579177421554, 46.65806376621736 ], [ 16.114579177421554, 46.658064831269364 ], [ 16.114579564131624, 46.658064831269364 ], [ 16.114579564131624, 46.658065630058367 ], [ 16.114579950841694, 46.658065630058367 ], [ 16.114579950841694, 46.658066695110371 ], [ 16.114580337551764, 46.658066695110371 ], [ 16.114580337551764, 46.658067493899374 ], [ 16.114580724261835, 46.658067493899374 ], [ 16.114580724261835, 46.658068558951378 ], [ 16.114581110971905, 46.658068558951378 ], [ 16.114581110971905, 46.658069357740381 ], [ 16.114581497681975, 46.658069357740381 ], [ 16.114581497681975, 46.658070422792385 ], [ 16.114581884392045, 46.658070422792385 ], [ 16.114581884392045, 46.658071221581388 ], [ 16.114582271102115, 46.658071221581388 ], [ 16.114582271102115, 46.65807202037039 ], [ 16.114582657812186, 46.65807202037039 ], [ 16.114582657812186, 46.658073085422394 ], [ 16.114583044522256, 46.658073085422394 ], [ 16.114583044522256, 46.658073884211397 ], [ 16.114583431232326, 46.658073884211397 ], [ 16.114583431232326, 46.658074949263401 ], [ 16.114583817942396, 46.658074949263401 ], [ 16.114583817942396, 46.658075748052404 ], [ 16.114584204652466, 46.658075748052404 ], [ 16.114584204652466, 46.658076813104408 ], [ 16.114584591362537, 46.658076813104408 ], [ 16.114584591362537, 46.658077611893411 ], [ 16.114584978072607, 46.658077611893411 ], [ 16.114584978072607, 46.658078410682414 ], [ 16.114585364782677, 46.658078410682414 ], [ 16.114585364782677, 46.658079475734418 ], [ 16.114585751492747, 46.658079475734418 ], [ 16.114585751492747, 46.658080274523421 ], [ 16.114586138202817, 46.658080274523421 ], [ 16.114586138202817, 46.658081339575425 ], [ 16.114586524912887, 46.658081339575425 ], [ 16.114586524912887, 46.658082138364428 ], [ 16.114586911622958, 46.658082138364428 ], [ 16.114586911622958, 46.658083203416432 ], [ 16.114587298333028, 46.658083203416432 ], [ 16.114587298333028, 46.658084002205435 ], [ 16.114587685043098, 46.658084002205435 ], [ 16.114587685043098, 46.658084800994438 ], [ 16.114588071753168, 46.658084800994438 ], [ 16.114588071753168, 46.658085866046441 ], [ 16.114588458463238, 46.658085866046441 ], [ 16.114588458463238, 46.658086664835444 ], [ 16.114588845173309, 46.658086664835444 ], [ 16.114588845173309, 46.658087729887448 ], [ 16.114589231883379, 46.658087729887448 ], [ 16.114589231883379, 46.658088528676451 ], [ 16.114589618593449, 46.658088528676451 ], [ 16.114589618593449, 46.658089593728455 ], [ 16.114590005303519, 46.658089593728455 ], [ 16.114590005303519, 46.658090392517458 ], [ 16.114590392013589, 46.658090392517458 ], [ 16.114590392013589, 46.658091457569462 ], [ 16.11459077872366, 46.658091457569462 ], [ 16.11459077872366, 46.658092256358465 ], [ 16.11459116543373, 46.658092256358465 ], [ 16.11459116543373, 46.658093055147468 ], [ 16.1145915521438, 46.658093055147468 ], [ 16.1145915521438, 46.658094120199472 ], [ 16.11459193885387, 46.658094120199472 ], [ 16.11459193885387, 46.658094918988475 ], [ 16.11459232556394, 46.658094918988475 ], [ 16.11459232556394, 46.658095984040479 ], [ 16.11459271227401, 46.658095984040479 ], [ 16.11459271227401, 46.658096782829482 ], [ 16.114593098984081, 46.658096782829482 ], [ 16.114593098984081, 46.658097847881486 ], [ 16.114593485694151, 46.658097847881486 ], [ 16.114593485694151, 46.658098646670489 ], [ 16.114593872404221, 46.658098646670489 ], [ 16.114593872404221, 46.658099445459492 ], [ 16.114594259114291, 46.658099445459492 ], [ 16.114594259114291, 46.658100510511495 ], [ 16.114594645824361, 46.658100510511495 ], [ 16.114594645824361, 46.658101309300498 ], [ 16.114595032534432, 46.658101309300498 ], [ 16.114595032534432, 46.658102374352502 ], [ 16.114595419244502, 46.658102374352502 ], [ 16.114595419244502, 46.658103173141505 ], [ 16.114595805954572, 46.658103173141505 ], [ 16.114595805954572, 46.658104238193509 ], [ 16.114596192664642, 46.658104238193509 ], [ 16.114596192664642, 46.658105036982512 ], [ 16.114596579374712, 46.658105036982512 ], [ 16.114596579374712, 46.658105835771515 ], [ 16.114596966084783, 46.658105835771515 ], [ 16.114596966084783, 46.658106900823519 ], [ 16.114597352794853, 46.658106900823519 ], [ 16.114597352794853, 46.658107699612522 ], [ 16.114597739504923, 46.658107699612522 ], [ 16.114597739504923, 46.658108764664526 ], [ 16.114598126214993, 46.658108764664526 ], [ 16.114598126214993, 46.658109563453529 ], [ 16.114598512925063, 46.658109563453529 ], [ 16.114598512925063, 46.658110628505533 ], [ 16.114598899635133, 46.658110628505533 ], [ 16.114598899635133, 46.658111427294536 ], [ 16.114599286345204, 46.658111427294536 ], [ 16.114599286345204, 46.65811249234654 ], [ 16.114599673055274, 46.65811249234654 ], [ 16.114599673055274, 46.658113291135543 ], [ 16.114600059765344, 46.658113291135543 ], [ 16.114600059765344, 46.658114089924545 ], [ 16.114600446475414, 46.658114089924545 ], [ 16.114600446475414, 46.658115154976549 ], [ 16.114600833185484, 46.658115154976549 ], [ 16.114600833185484, 46.658115953765552 ], [ 16.114601219895555, 46.658115953765552 ], [ 16.114601219895555, 46.658117018817556 ], [ 16.114601606605625, 46.658117018817556 ], [ 16.114601606605625, 46.658117817606559 ], [ 16.114601993315695, 46.658117817606559 ], [ 16.114601993315695, 46.658118882658563 ], [ 16.114602380025765, 46.658118882658563 ], [ 16.114602380025765, 46.658119681447566 ], [ 16.114602766735835, 46.658119681447566 ], [ 16.114602766735835, 46.658120480236569 ], [ 16.114603153445906, 46.658120480236569 ], [ 16.114603153445906, 46.658121545288573 ], [ 16.114603540155976, 46.658121545288573 ], [ 16.114603540155976, 46.658122344077576 ], [ 16.114603926866046, 46.658122344077576 ], [ 16.114603926866046, 46.65812340912958 ], [ 16.114604313576116, 46.65812340912958 ], [ 16.114604313576116, 46.658124207918583 ], [ 16.114604700286186, 46.658124207918583 ], [ 16.114604700286186, 46.658125272970587 ], [ 16.114605086996256, 46.658125272970587 ], [ 16.114605086996256, 46.65812607175959 ], [ 16.114605473706327, 46.65812607175959 ], [ 16.114605473706327, 46.658127136811594 ], [ 16.114605860416397, 46.658127136811594 ], [ 16.114605860416397, 46.658127935600596 ], [ 16.114606247126467, 46.658127935600596 ], [ 16.114606247126467, 46.658128734389599 ], [ 16.114606633836537, 46.658128734389599 ], [ 16.114606633836537, 46.658129799441603 ], [ 16.114607020546607, 46.658129799441603 ], [ 16.114607020546607, 46.658130598230606 ], [ 16.114607407256678, 46.658130598230606 ], [ 16.114607407256678, 46.65813166328261 ], [ 16.114607793966748, 46.65813166328261 ], [ 16.114607793966748, 46.658132462071613 ], [ 16.114608180676818, 46.658132462071613 ], [ 16.114608180676818, 46.658133527123617 ], [ 16.114608567386888, 46.658133527123617 ], [ 16.114608567386888, 46.65813432591262 ], [ 16.114608954096958, 46.65813432591262 ], [ 16.114608954096958, 46.658135124701623 ], [ 16.114609340807029, 46.658135124701623 ], [ 16.114609340807029, 46.658136189753627 ], [ 16.114609727517099, 46.658136189753627 ], [ 16.114609727517099, 46.65813698854263 ], [ 16.114610114227169, 46.65813698854263 ], [ 16.114610114227169, 46.658138053594634 ], [ 16.114610500937239, 46.658138053594634 ], [ 16.114610500937239, 46.658138852383637 ], [ 16.114610887647309, 46.658138852383637 ], [ 16.114610887647309, 46.658139917435641 ], [ 16.11461127435738, 46.658139917435641 ], [ 16.11461127435738, 46.658140716224644 ], [ 16.11461166106745, 46.658140716224644 ], [ 16.11461166106745, 46.658141515013646 ], [ 16.11461204777752, 46.658141515013646 ], [ 16.11461204777752, 46.65814258006565 ], [ 16.11461243448759, 46.65814258006565 ], [ 16.11461243448759, 46.658143378854653 ], [ 16.11461282119766, 46.658143378854653 ], [ 16.11461282119766, 46.658144443906657 ], [ 16.11461320790773, 46.658144443906657 ], [ 16.11461320790773, 46.65814524269566 ], [ 16.114613594617801, 46.65814524269566 ], [ 16.114613594617801, 46.658146307747664 ], [ 16.114613981327871, 46.658146307747664 ], [ 16.114613981327871, 46.658147106536667 ], [ 16.114614368037941, 46.658147106536667 ], [ 16.114614368037941, 46.658148171588671 ], [ 16.114614754748011, 46.658148171588671 ], [ 16.114614754748011, 46.658148970377674 ], [ 16.114615141458081, 46.658148970377674 ], [ 16.114615141458081, 46.658149769166677 ], [ 16.114615528168152, 46.658149769166677 ], [ 16.114615528168152, 46.658150834218681 ], [ 16.114615914878222, 46.658150834218681 ], [ 16.114615914878222, 46.658151633007684 ], [ 16.114616301588292, 46.658151633007684 ], [ 16.114616301588292, 46.658152698059688 ], [ 16.114616688298362, 46.658152698059688 ], [ 16.114616688298362, 46.658153496848691 ], [ 16.114617075008432, 46.658153496848691 ], [ 16.114617075008432, 46.658154561900695 ], [ 16.114617461718503, 46.658154561900695 ], [ 16.114617461718503, 46.658155360689697 ], [ 16.114617848428573, 46.658155360689697 ], [ 16.114617848428573, 46.6581561594787 ], [ 16.114618235138643, 46.6581561594787 ], [ 16.114618235138643, 46.658157224530704 ], [ 16.114618621848713, 46.658157224530704 ], [ 16.114618621848713, 46.658158023319707 ], [ 16.114619008558783, 46.658158023319707 ], [ 16.114619008558783, 46.658159088371711 ], [ 16.114619395268853, 46.658159088371711 ], [ 16.114619395268853, 46.658159887160714 ], [ 16.114619781978924, 46.658159887160714 ], [ 16.114619781978924, 46.658160952212718 ], [ 16.114620168688994, 46.658160952212718 ], [ 16.114620168688994, 46.658161751001721 ], [ 16.114620555399064, 46.658161751001721 ], [ 16.114620555399064, 46.658162549790724 ], [ 16.114620942109134, 46.658162549790724 ], [ 16.114620942109134, 46.658163614842728 ], [ 16.114621328819204, 46.658163614842728 ], [ 16.114621328819204, 46.658164413631731 ], [ 16.114621715529275, 46.658164413631731 ], [ 16.114621715529275, 46.658165478683735 ], [ 16.114622102239345, 46.658165478683735 ], [ 16.114622102239345, 46.658166277472738 ], [ 16.114622488949415, 46.658166277472738 ], [ 16.114622488949415, 46.658167342524742 ], [ 16.114622875659485, 46.658167342524742 ], [ 16.114622875659485, 46.658168141313745 ], [ 16.114623262369555, 46.658168141313745 ], [ 16.114623262369555, 46.658169206365748 ], [ 16.114623649079626, 46.658169206365748 ], [ 16.114623649079626, 46.658170005154751 ], [ 16.114624035789696, 46.658170005154751 ], [ 16.114624035789696, 46.658170803943754 ], [ 16.114624422499766, 46.658170803943754 ], [ 16.114624422499766, 46.658171868995758 ], [ 16.114624809209836, 46.658171868995758 ], [ 16.114624809209836, 46.658172667784761 ], [ 16.114625195919906, 46.658172667784761 ], [ 16.114625195919906, 46.658173732836765 ], [ 16.114625582629976, 46.658173732836765 ], [ 16.114625582629976, 46.658174531625768 ], [ 16.114625969340047, 46.658174531625768 ], [ 16.114625969340047, 46.658175596677772 ], [ 16.114626356050117, 46.658175596677772 ], [ 16.114626356050117, 46.658176395466775 ], [ 16.114626742760187, 46.658176395466775 ], [ 16.114626742760187, 46.658177194255778 ], [ 16.114627129470257, 46.658177194255778 ], [ 16.114627129470257, 46.658178259307782 ], [ 16.114627516180327, 46.658178259307782 ], [ 16.114627516180327, 46.658179058096785 ], [ 16.114627902890398, 46.658179058096785 ], [ 16.114627902890398, 46.658180123148789 ], [ 16.114628289600468, 46.658180123148789 ], [ 16.114628289600468, 46.658180921937792 ], [ 16.114628676310538, 46.658180921937792 ], [ 16.114628676310538, 46.658181986989796 ], [ 16.114629063020608, 46.658181986989796 ], [ 16.114629063020608, 46.658182785778799 ], [ 16.114629449730678, 46.658182785778799 ], [ 16.114629449730678, 46.658183584567801 ], [ 16.114629836440749, 46.658183584567801 ], [ 16.114629836440749, 46.658184649619805 ], [ 16.114630223150819, 46.658184649619805 ], [ 16.114630223150819, 46.658185448408808 ], [ 16.114630609860889, 46.658185448408808 ], [ 16.114630609860889, 46.658186513460812 ], [ 16.114630996570959, 46.658186513460812 ], [ 16.114630996570959, 46.658187312249815 ], [ 16.114631383281029, 46.658187312249815 ], [ 16.114631383281029, 46.658188377301819 ], [ 16.114631769991099, 46.658188377301819 ], [ 16.114631769991099, 46.658189176090822 ], [ 16.11463215670117, 46.658189176090822 ], [ 16.11463215670117, 46.658190241142826 ], [ 16.11463254341124, 46.658190241142826 ], [ 16.11463254341124, 46.658191039931829 ], [ 16.11463293012131, 46.658191039931829 ], [ 16.11463293012131, 46.658191838720832 ], [ 16.11463331683138, 46.658191838720832 ], [ 16.11463331683138, 46.658192903772836 ], [ 16.11463370354145, 46.658192903772836 ], [ 16.11463370354145, 46.658193702561839 ], [ 16.114634090251521, 46.658193702561839 ], [ 16.114634090251521, 46.658194767613843 ], [ 16.114634476961591, 46.658194767613843 ], [ 16.114634476961591, 46.658195566402846 ], [ 16.114634863671661, 46.658195566402846 ], [ 16.114634863671661, 46.65819663145485 ], [ 16.114635250381731, 46.65819663145485 ], [ 16.114635250381731, 46.658197430243852 ], [ 16.114635637091801, 46.658197430243852 ], [ 16.114635637091801, 46.658198229032855 ], [ 16.114636023801872, 46.658198229032855 ], [ 16.114636023801872, 46.658199294084859 ], [ 16.114636410511942, 46.658199294084859 ], [ 16.114636410511942, 46.658200092873862 ], [ 16.114636797222012, 46.658200092873862 ], [ 16.114636797222012, 46.658201157925866 ], [ 16.114637183932082, 46.658201157925866 ], [ 16.114637183932082, 46.658201956714869 ], [ 16.114637570642152, 46.658201956714869 ], [ 16.114637570642152, 46.658203021766873 ], [ 16.114637957352222, 46.658203021766873 ], [ 16.114637957352222, 46.658203820555876 ], [ 16.114638344062293, 46.658203820555876 ], [ 16.114638344062293, 46.65820488560788 ], [ 16.114638730772363, 46.65820488560788 ], [ 16.114638730772363, 46.658205684396883 ], [ 16.114639117482433, 46.658205684396883 ], [ 16.114639117482433, 46.658206483185886 ], [ 16.114639504192503, 46.658206483185886 ], [ 16.114639504192503, 46.65820754823789 ], [ 16.114639890902573, 46.65820754823789 ], [ 16.114639890902573, 46.658208347026893 ], [ 16.114640277612644, 46.658208347026893 ], [ 16.114640277612644, 46.658209412078897 ], [ 16.114640664322714, 46.658209412078897 ], [ 16.114640664322714, 46.6582102108679 ], [ 16.114641051032784, 46.6582102108679 ], [ 16.114641051032784, 46.658211275919903 ], [ 16.114641437742854, 46.658211275919903 ], [ 16.114641437742854, 46.658212074708906 ], [ 16.114641824452924, 46.658212074708906 ], [ 16.114641824452924, 46.658212873497909 ], [ 16.114642211162995, 46.658212873497909 ], [ 16.114642211162995, 46.658213938549913 ], [ 16.114642597873065, 46.658213938549913 ], [ 16.114642597873065, 46.658214737338916 ], [ 16.114642984583135, 46.658214737338916 ], [ 16.114642984583135, 46.65821580239092 ], [ 16.114643371293205, 46.65821580239092 ], [ 16.114643371293205, 46.658216601179923 ], [ 16.114643758003275, 46.658216601179923 ], [ 16.114643758003275, 46.658217666231927 ], [ 16.114644144713345, 46.658217666231927 ], [ 16.114644144713345, 46.65821846502093 ], [ 16.114644531423416, 46.65821846502093 ], [ 16.114644531423416, 46.658219263809933 ], [ 16.114644918133486, 46.658219263809933 ], [ 16.114644918133486, 46.658220328861937 ], [ 16.114645304843556, 46.658220328861937 ], [ 16.114645304843556, 46.65822112765094 ], [ 16.114645691553626, 46.65822112765094 ], [ 16.114645691553626, 46.658222192702944 ], [ 16.114646078263696, 46.658222192702944 ], [ 16.114646078263696, 46.658222991491947 ], [ 16.114646464973767, 46.658222991491947 ], [ 16.114646464973767, 46.658224056543951 ], [ 16.114646851683837, 46.658224056543951 ], [ 16.114646851683837, 46.658224855332953 ], [ 16.114647238393907, 46.658224855332953 ], [ 16.114647238393907, 46.658225920384957 ], [ 16.114647625103977, 46.658225920384957 ], [ 16.114647625103977, 46.65822671917396 ], [ 16.114648011814047, 46.65822671917396 ], [ 16.114648011814047, 46.658227517962963 ], [ 16.114648398524118, 46.658227517962963 ], [ 16.114648398524118, 46.658228583014967 ], [ 16.114648785234188, 46.658228583014967 ], [ 16.114648785234188, 46.65822938180397 ], [ 16.114649171944258, 46.65822938180397 ], [ 16.114649171944258, 46.658230446855974 ], [ 16.114649558654328, 46.658230446855974 ], [ 16.114649558654328, 46.658231245644977 ], [ 16.114649945364398, 46.658231245644977 ], [ 16.114649945364398, 46.658232310696981 ], [ 16.114650332074469, 46.658232310696981 ], [ 16.114650332074469, 46.658233109485984 ], [ 16.114650718784539, 46.658233109485984 ], [ 16.114650718784539, 46.658233908274987 ], [ 16.114651105494609, 46.658233908274987 ], [ 16.114651105494609, 46.658234973326991 ], [ 16.114651492204679, 46.658234973326991 ], [ 16.114651492204679, 46.658235772115994 ], [ 16.114651878914749, 46.658235772115994 ], [ 16.114651878914749, 46.658236837167998 ], [ 16.114652265624819, 46.658236837167998 ], [ 16.114652265624819, 46.658237635957001 ], [ 16.11465265233489, 46.658237635957001 ], [ 16.11465265233489, 46.658238701009005 ], [ 16.11465303904496, 46.658238701009005 ], [ 16.11465303904496, 46.658239499798007 ], [ 16.11465342575503, 46.658239499798007 ], [ 16.11465342575503, 46.65824029858701 ], [ 16.1146538124651, 46.65824029858701 ], [ 16.1146538124651, 46.658241363639014 ], [ 16.11465419917517, 46.658241363639014 ], [ 16.11465419917517, 46.658242162428017 ], [ 16.114654585885241, 46.658242162428017 ], [ 16.114654585885241, 46.658243227480021 ], [ 16.114654972595311, 46.658243227480021 ], [ 16.114654972595311, 46.658244026269024 ], [ 16.114655359305381, 46.658244026269024 ], [ 16.114655359305381, 46.658245091321028 ], [ 16.114655746015451, 46.658245091321028 ], [ 16.114655746015451, 46.658245890110031 ], [ 16.114656132725521, 46.658245890110031 ], [ 16.114656132725521, 46.658246955162035 ], [ 16.114656519435592, 46.658246955162035 ], [ 16.114656519435592, 46.658247753951038 ], [ 16.114656906145662, 46.658247753951038 ], [ 16.114656906145662, 46.658248552740041 ], [ 16.114657292855732, 46.658248552740041 ], [ 16.114657292855732, 46.658249617792045 ], [ 16.114657679565802, 46.658249617792045 ], [ 16.114657679565802, 46.658250416581048 ], [ 16.114658066275872, 46.658250416581048 ], [ 16.114658066275872, 46.658251481633052 ], [ 16.114658452985942, 46.658251481633052 ], [ 16.114658452985942, 46.658252280422055 ], [ 16.114658839696013, 46.658252280422055 ], [ 16.114658839696013, 46.658253345474058 ], [ 16.114659226406083, 46.658253345474058 ], [ 16.114659226406083, 46.658254144263061 ], [ 16.114659613116153, 46.658254144263061 ], [ 16.114659613116153, 46.658254943052064 ], [ 16.114659999826223, 46.658254943052064 ], [ 16.114659999826223, 46.658256008104068 ], [ 16.114660386536293, 46.658256008104068 ], [ 16.114660386536293, 46.658256806893071 ], [ 16.114660773246364, 46.658256806893071 ], [ 16.114660773246364, 46.658257871945075 ], [ 16.114661159956434, 46.658257871945075 ], [ 16.114661159956434, 46.658258670734078 ], [ 16.114661546666504, 46.658258670734078 ], [ 16.114661546666504, 46.658259735786082 ], [ 16.114661933376574, 46.658259735786082 ], [ 16.114661933376574, 46.658260534575085 ], [ 16.114662320086644, 46.658260534575085 ], [ 16.114662320086644, 46.658261333364088 ], [ 16.114662706796715, 46.658261333364088 ], [ 16.114662706796715, 46.658262398416092 ], [ 16.114663093506785, 46.658262398416092 ], [ 16.114663093506785, 46.658263197205095 ], [ 16.114663480216855, 46.658263197205095 ], [ 16.114663480216855, 46.658264262257099 ], [ 16.114663866926925, 46.658264262257099 ], [ 16.114663866926925, 46.658265061046102 ], [ 16.114664253636995, 46.658265061046102 ], [ 16.114664253636995, 46.658266126098106 ], [ 16.114664640347065, 46.658266126098106 ], [ 16.114664640347065, 46.658266924887108 ], [ 16.114665027057136, 46.658266924887108 ], [ 16.114665027057136, 46.658267191150109 ], [ 16.114665027057136, 46.658267989939112 ], [ 16.114665413767206, 46.658267989939112 ], [ 16.114665413767206, 46.658268788728115 ], [ 16.114665800477276, 46.658268788728115 ], [ 16.114665800477276, 46.658269587517118 ], [ 16.114666187187346, 46.658269587517118 ], [ 16.114666187187346, 46.658270652569122 ], [ 16.114666573897416, 46.658270652569122 ], [ 16.114666573897416, 46.658271451358125 ], [ 16.114666960607487, 46.658271451358125 ], [ 16.114666960607487, 46.658272516410129 ], [ 16.114667347317557, 46.658272516410129 ], [ 16.114667347317557, 46.658273315199132 ], [ 16.114667734027627, 46.658273315199132 ], [ 16.114667734027627, 46.658274380251136 ], [ 16.114668120737697, 46.658274380251136 ], [ 16.114668120737697, 46.658275179040139 ], [ 16.114668507447767, 46.658275179040139 ], [ 16.114668507447767, 46.658275977829142 ], [ 16.114668894157838, 46.658275977829142 ], [ 16.114668894157838, 46.658277042881146 ], [ 16.114669280867908, 46.658277042881146 ], [ 16.114669280867908, 46.658277841670149 ], [ 16.114669667577978, 46.658277841670149 ], [ 16.114669667577978, 46.658278906722153 ], [ 16.114670054288048, 46.658278906722153 ], [ 16.114670054288048, 46.658279705511156 ], [ 16.114670440998118, 46.658279705511156 ], [ 16.114670440998118, 46.658280770563159 ], [ 16.114670827708188, 46.658280770563159 ], [ 16.114670827708188, 46.658281569352162 ], [ 16.114671214418259, 46.658281569352162 ], [ 16.114671214418259, 46.658282368141165 ], [ 16.114671601128329, 46.658282368141165 ], [ 16.114671601128329, 46.658283433193169 ], [ 16.114671987838399, 46.658283433193169 ], [ 16.114671987838399, 46.658284231982172 ], [ 16.114672374548469, 46.658284231982172 ], [ 16.114672374548469, 46.658285297034176 ], [ 16.114672761258539, 46.658285297034176 ], [ 16.114672761258539, 46.658286095823179 ], [ 16.11467314796861, 46.658286095823179 ], [ 16.11467314796861, 46.658287160875183 ], [ 16.11467353467868, 46.658287160875183 ], [ 16.11467353467868, 46.658287959664186 ], [ 16.11467392138875, 46.658287959664186 ], [ 16.11467392138875, 46.658288758453189 ], [ 16.11467430809882, 46.658288758453189 ], [ 16.11467430809882, 46.658289290979191 ], [ 16.11467469480889, 46.658289290979191 ], [ 16.11467469480889, 46.658290089768194 ], [ 16.114675081518961, 46.658290089768194 ], [ 16.114675081518961, 46.658291421083199 ], [ 16.114675468229031, 46.658291421083199 ], [ 16.114675468229031, 46.658291953609201 ], [ 16.114675854939101, 46.658291953609201 ], [ 16.114675854939101, 46.658292486135203 ], [ 16.114676241649171, 46.658292486135203 ], [ 16.114676241649171, 46.658293284924206 ], [ 16.114676628359241, 46.658293284924206 ], [ 16.114676628359241, 46.658294882502211 ], [ 16.114677015069311, 46.658294882502211 ], [ 16.114677015069311, 46.658295415028213 ], [ 16.114677401779382, 46.658295415028213 ], [ 16.114677401779382, 46.658295947554215 ], [ 16.114677788489452, 46.658295947554215 ], [ 16.114677788489452, 46.658297012606219 ], [ 16.114678175199522, 46.658297012606219 ], [ 16.114678175199522, 46.658298610184225 ], [ 16.114678561909592, 46.658298610184225 ], [ 16.114678561909592, 46.658299142710227 ], [ 16.114678948619662, 46.658299142710227 ], [ 16.114678948619662, 46.658299675236229 ], [ 16.114679335329733, 46.658299675236229 ], [ 16.114679335329733, 46.658300740288233 ], [ 16.114679722039803, 46.658300740288233 ], [ 16.114679722039803, 46.658302071603238 ], [ 16.114680108749873, 46.658302071603238 ], [ 16.114680108749873, 46.658302870392241 ], [ 16.114680495459943, 46.658302870392241 ], [ 16.114680495459943, 46.658303402918243 ], [ 16.114680882170013, 46.658303402918243 ], [ 16.114680882170013, 46.658303935444245 ], [ 16.114681268880084, 46.658303935444245 ], [ 16.114681268880084, 46.658305000496249 ], [ 16.114681655590154, 46.658305000496249 ], [ 16.114681655590154, 46.658305799285252 ], [ 16.114682042300224, 46.658305799285252 ], [ 16.114682042300224, 46.658306331811254 ], [ 16.114682429010294, 46.658306331811254 ], [ 16.114682429010294, 46.658307396863258 ], [ 16.114682815720364, 46.658307396863258 ], [ 16.114682815720364, 46.658309260704264 ], [ 16.114683202430435, 46.658309260704264 ], [ 16.114683202430435, 46.658310059493267 ], [ 16.114683589140505, 46.658310059493267 ], [ 16.114683589140505, 46.658310592019269 ], [ 16.114683975850575, 46.658310592019269 ], [ 16.114683975850575, 46.658311657071273 ], [ 16.114684362560645, 46.658311657071273 ], [ 16.114684362560645, 46.658312988386278 ], [ 16.114684749270715, 46.658312988386278 ], [ 16.114684749270715, 46.658313787175281 ], [ 16.114685135980785, 46.658313787175281 ], [ 16.114685135980785, 46.658314319701283 ], [ 16.114685522690856, 46.658314319701283 ], [ 16.114685522690856, 46.658315651016288 ], [ 16.114685909400926, 46.658315651016288 ], [ 16.114685909400926, 46.658316716068292 ], [ 16.114686296110996, 46.658316716068292 ], [ 16.114686296110996, 46.658317514857295 ], [ 16.114686682821066, 46.658317514857295 ], [ 16.114686682821066, 46.658318047383297 ], [ 16.114687069531136, 46.658318047383297 ], [ 16.114687069531136, 46.658319112435301 ], [ 16.114687456241207, 46.658319112435301 ], [ 16.114687456241207, 46.658320177487305 ], [ 16.114687842951277, 46.658320177487305 ], [ 16.114687842951277, 46.658320976276308 ], [ 16.114688229661347, 46.658320976276308 ], [ 16.114688229661347, 46.65832150880231 ], [ 16.114688616371417, 46.65832150880231 ], [ 16.114688616371417, 46.658322573854313 ], [ 16.114689003081487, 46.658322573854313 ], [ 16.114689003081487, 46.65832443769532 ], [ 16.114689389791558, 46.65832443769532 ], [ 16.114689389791558, 46.658324970221322 ], [ 16.114689776501628, 46.658324970221322 ], [ 16.114689776501628, 46.658325769010325 ], [ 16.114690163211698, 46.658325769010325 ], [ 16.114690163211698, 46.65832710032533 ], [ 16.114690549921768, 46.65832710032533 ], [ 16.114690549921768, 46.658328165377334 ], [ 16.114690936631838, 46.658328165377334 ], [ 16.114690936631838, 46.658328964166337 ], [ 16.114691323341908, 46.658328964166337 ], [ 16.114691323341908, 46.65832976295534 ], [ 16.114691710051979, 46.65832976295534 ], [ 16.114691710051979, 46.658331094270345 ], [ 16.114692096762049, 46.658331094270345 ], [ 16.114692096762049, 46.658331893059348 ], [ 16.114692483472119, 46.658331893059348 ], [ 16.114692483472119, 46.658332691848351 ], [ 16.114692870182189, 46.658332691848351 ], [ 16.114692870182189, 46.658333490637354 ], [ 16.114693256892259, 46.658333490637354 ], [ 16.114693256892259, 46.658334555689358 ], [ 16.11469364360233, 46.658334555689358 ], [ 16.11469364360233, 46.658335354478361 ], [ 16.1146940303124, 46.658335354478361 ], [ 16.1146940303124, 46.658336419530364 ], [ 16.11469441702247, 46.658336419530364 ], [ 16.11469441702247, 46.658337218319367 ], [ 16.11469480373254, 46.658337218319367 ], [ 16.11469480373254, 46.658338283371371 ], [ 16.11469519044261, 46.658338283371371 ], [ 16.11469519044261, 46.658339082160374 ], [ 16.114695577152681, 46.658339082160374 ], [ 16.114695577152681, 46.658340147212378 ], [ 16.114695963862751, 46.658340147212378 ], [ 16.114695963862751, 46.658340946001381 ], [ 16.114696350572821, 46.658340946001381 ], [ 16.114696350572821, 46.658342011053385 ], [ 16.114696737282891, 46.658342011053385 ], [ 16.114696737282891, 46.658342809842388 ], [ 16.114697123992961, 46.658342809842388 ], [ 16.114697123992961, 46.658343874894392 ], [ 16.114697510703031, 46.658343874894392 ], [ 16.114697510703031, 46.658344673683395 ], [ 16.114697897413102, 46.658344673683395 ], [ 16.114697897413102, 46.658345738735399 ], [ 16.114698284123172, 46.658345738735399 ], [ 16.114698284123172, 46.658346537524402 ], [ 16.114698670833242, 46.658346537524402 ], [ 16.114698670833242, 46.658347336313405 ], [ 16.114699057543312, 46.658347336313405 ], [ 16.114699057543312, 46.658348401365409 ], [ 16.114699444253382, 46.658348401365409 ], [ 16.114699444253382, 46.658349200154412 ], [ 16.114699830963453, 46.658349200154412 ], [ 16.114699830963453, 46.658349998943415 ], [ 16.114700217673523, 46.658349998943415 ], [ 16.114700217673523, 46.658350531469416 ], [ 16.114700604383593, 46.658350531469416 ], [ 16.114700604383593, 46.658350797732417 ], [ 16.114700991093663, 46.658350797732417 ], [ 16.114700991093663, 46.658351063995418 ], [ 16.114701377803733, 46.658351063995418 ], [ 16.114701377803733, 46.658352927836425 ], [ 16.114701764513804, 46.658352927836425 ], [ 16.114701764513804, 46.658354791677432 ], [ 16.114702151223874, 46.658354791677432 ], [ 16.114702151223874, 46.658355324203434 ], [ 16.114702537933944, 46.658355324203434 ], [ 16.114702537933944, 46.658356389255438 ], [ 16.114702924644014, 46.658356389255438 ], [ 16.114702924644014, 46.658357454307442 ], [ 16.114703311354084, 46.658357454307442 ], [ 16.114703311354084, 46.658358519359446 ], [ 16.114703698064154, 46.658358519359446 ], [ 16.114703698064154, 46.658359051885448 ], [ 16.114704084774225, 46.658359051885448 ], [ 16.114704084774225, 46.658360116937452 ], [ 16.114704471484295, 46.658360116937452 ], [ 16.114704471484295, 46.658361181989456 ], [ 16.114704858194365, 46.658361181989456 ], [ 16.114704858194365, 46.658361980778459 ], [ 16.114705244904435, 46.658361980778459 ], [ 16.114705244904435, 46.658362513304461 ], [ 16.114705631614505, 46.658362513304461 ], [ 16.114705631614505, 46.658363578356465 ], [ 16.114706018324576, 46.658363578356465 ], [ 16.114706018324576, 46.658364909671469 ], [ 16.114706405034646, 46.658364909671469 ], [ 16.114706405034646, 46.658365708460472 ], [ 16.114706791744716, 46.658365708460472 ], [ 16.114706791744716, 46.658365974723473 ], [ 16.114707178454786, 46.658365974723473 ], [ 16.114707178454786, 46.658367572301479 ], [ 16.114707565164856, 46.658367572301479 ], [ 16.114707565164856, 46.658368371090482 ], [ 16.114707951874927, 46.658368371090482 ], [ 16.114707951874927, 46.658369436142486 ], [ 16.114708338584997, 46.658369436142486 ], [ 16.114708338584997, 46.658370234931489 ], [ 16.114708725295067, 46.658370234931489 ], [ 16.114708725295067, 46.658371299983493 ], [ 16.114709112005137, 46.658371299983493 ], [ 16.114709112005137, 46.658372098772496 ], [ 16.114709498715207, 46.658372098772496 ], [ 16.114709498715207, 46.6583731638245 ], [ 16.114709885425277, 46.6583731638245 ], [ 16.114709885425277, 46.658373962613503 ], [ 16.114710272135348, 46.658373962613503 ], [ 16.114710272135348, 46.658374761402506 ], [ 16.114710658845418, 46.658374761402506 ], [ 16.114710658845418, 46.65837582645451 ], [ 16.114711045555488, 46.65837582645451 ], [ 16.114711045555488, 46.658376625243513 ], [ 16.114711432265558, 46.658376625243513 ], [ 16.114711432265558, 46.658377690295517 ], [ 16.114711818975628, 46.658377690295517 ], [ 16.114711818975628, 46.658378489084519 ], [ 16.114712205685699, 46.658378489084519 ], [ 16.114712205685699, 46.658379554136523 ], [ 16.114712592395769, 46.658379554136523 ], [ 16.114712592395769, 46.658380352925526 ], [ 16.114712979105839, 46.658380352925526 ], [ 16.114712979105839, 46.658381151714529 ], [ 16.114713365815909, 46.658381151714529 ], [ 16.114713365815909, 46.658382216766533 ], [ 16.114713752525979, 46.658382216766533 ], [ 16.114713752525979, 46.658383015555536 ], [ 16.11471413923605, 46.658383015555536 ], [ 16.11471413923605, 46.65838408060754 ], [ 16.11471452594612, 46.65838408060754 ], [ 16.11471452594612, 46.658384879396543 ], [ 16.11471491265619, 46.658384879396543 ], [ 16.11471491265619, 46.658385944448547 ], [ 16.11471529936626, 46.658385944448547 ], [ 16.11471529936626, 46.65838674323755 ], [ 16.11471568607633, 46.65838674323755 ], [ 16.11471568607633, 46.658387808289554 ], [ 16.114716072786401, 46.658387808289554 ], [ 16.114716072786401, 46.658388607078557 ], [ 16.114716459496471, 46.658388607078557 ], [ 16.114716459496471, 46.65838940586756 ], [ 16.114716846206541, 46.65838940586756 ], [ 16.114716846206541, 46.658390470919564 ], [ 16.114717232916611, 46.658390470919564 ], [ 16.114717232916611, 46.658391269708567 ], [ 16.114717619626681, 46.658391269708567 ], [ 16.114717619626681, 46.65839233476057 ], [ 16.114718006336751, 46.65839233476057 ], [ 16.114718006336751, 46.658393133549573 ], [ 16.114718393046822, 46.658393133549573 ], [ 16.114718393046822, 46.658394198601577 ], [ 16.114718779756892, 46.658394198601577 ], [ 16.114718779756892, 46.65839499739058 ], [ 16.114719166466962, 46.65839499739058 ], [ 16.114719166466962, 46.658395796179583 ], [ 16.114719553177032, 46.658395796179583 ], [ 16.114719553177032, 46.658396861231587 ], [ 16.114719939887102, 46.658396861231587 ], [ 16.114719939887102, 46.65839766002059 ], [ 16.114720326597173, 46.65839766002059 ], [ 16.114720326597173, 46.658398725072594 ], [ 16.114720713307243, 46.658398725072594 ], [ 16.114720713307243, 46.658399523861597 ], [ 16.114721100017313, 46.658399523861597 ], [ 16.114721100017313, 46.658400588913601 ], [ 16.114721486727383, 46.658400588913601 ], [ 16.114721486727383, 46.658401387702604 ], [ 16.114721873437453, 46.658401387702604 ], [ 16.114721873437453, 46.658402452754608 ], [ 16.114722260147524, 46.658402452754608 ], [ 16.114722260147524, 46.658403251543611 ], [ 16.114722646857594, 46.658403251543611 ], [ 16.114722646857594, 46.658404050332614 ], [ 16.114723033567664, 46.658404050332614 ], [ 16.114723033567664, 46.658405115384618 ], [ 16.114723420277734, 46.658405115384618 ], [ 16.114723420277734, 46.65840591417362 ], [ 16.114723806987804, 46.65840591417362 ], [ 16.114723806987804, 46.658406446699622 ], [ 16.114724193697874, 46.658406446699622 ], [ 16.114724193697874, 46.658406979225624 ], [ 16.114724580407945, 46.658406979225624 ], [ 16.114724580407945, 46.658408843066631 ], [ 16.114724967118015, 46.658408843066631 ], [ 16.114724967118015, 46.658409641855634 ], [ 16.114725353828085, 46.658409641855634 ], [ 16.114725353828085, 46.658409908118635 ], [ 16.114725740538155, 46.658409908118635 ], [ 16.114725740538155, 46.658410440644637 ], [ 16.114726127248225, 46.658410440644637 ], [ 16.114726127248225, 46.658412038222643 ], [ 16.114726513958296, 46.658412038222643 ], [ 16.114726513958296, 46.658413103274647 ], [ 16.114726900668366, 46.658413103274647 ], [ 16.114726900668366, 46.658413635800649 ], [ 16.114727287378436, 46.658413635800649 ], [ 16.114727287378436, 46.658414434589652 ], [ 16.114727674088506, 46.658414434589652 ], [ 16.114727674088506, 46.658415499641656 ], [ 16.114728060798576, 46.658415499641656 ], [ 16.114728060798576, 46.658416298430659 ], [ 16.114728447508647, 46.658416298430659 ], [ 16.114728447508647, 46.65841656469366 ], [ 16.114728834218717, 46.65841656469366 ], [ 16.114728834218717, 46.658416830956661 ], [ 16.114729220928787, 46.658416830956661 ], [ 16.114729220928787, 46.658418428534667 ], [ 16.114729607638857, 46.658418428534667 ], [ 16.114729607638857, 46.65841922732367 ], [ 16.114729994348927, 46.65841922732367 ], [ 16.114729994348927, 46.658419493586671 ], [ 16.114730381058997, 46.658419493586671 ], [ 16.114730381058997, 46.658419759849671 ], [ 16.114730767769068, 46.658419759849671 ], [ 16.114730767769068, 46.658420026112672 ], [ 16.114731154479138, 46.658420026112672 ], [ 16.114731154479138, 46.658420558638674 ], [ 16.114731541189208, 46.658420558638674 ], [ 16.114731541189208, 46.658420824901675 ], [ 16.114732314609348, 46.658420824901675 ], [ 16.114732314609348, 46.658421091164676 ], [ 16.114732701319419, 46.658421091164676 ], [ 16.114732701319419, 46.658422422479681 ], [ 16.114733088029489, 46.658422422479681 ], [ 16.114733088029489, 46.658423487531685 ], [ 16.114733474739559, 46.658423487531685 ], [ 16.114733474739559, 46.658424020057687 ], [ 16.114733861449629, 46.658424020057687 ], [ 16.114733861449629, 46.658424552583689 ], [ 16.114734248159699, 46.658424552583689 ], [ 16.114734248159699, 46.658425085109691 ], [ 16.11473463486977, 46.658425085109691 ], [ 16.11473463486977, 46.658425883898694 ], [ 16.11473502157984, 46.658425883898694 ], [ 16.11473502157984, 46.658426416424696 ], [ 16.11473540828991, 46.658426416424696 ], [ 16.11473540828991, 46.658426682687697 ], [ 16.11473579499998, 46.658426682687697 ], [ 16.11473579499998, 46.658427215213699 ], [ 16.11473618171005, 46.658427215213699 ], [ 16.11473618171005, 46.658428812791705 ], [ 16.11473656842012, 46.658428812791705 ], [ 16.11473656842012, 46.65843014410671 ], [ 16.114736955130191, 46.65843014410671 ], [ 16.114736955130191, 46.658430942895713 ], [ 16.114737341840261, 46.658430942895713 ], [ 16.114737341840261, 46.658431741684716 ], [ 16.114737728550331, 46.658431741684716 ], [ 16.114737728550331, 46.658432007947717 ], [ 16.114738115260401, 46.658432007947717 ], [ 16.114738115260401, 46.658432540473719 ], [ 16.114738501970471, 46.658432540473719 ], [ 16.114738501970471, 46.65843280673672 ], [ 16.114738888680542, 46.65843280673672 ], [ 16.114738888680542, 46.658433605525722 ], [ 16.114739275390612, 46.658433605525722 ], [ 16.114739275390612, 46.658434670577726 ], [ 16.114739662100682, 46.658434670577726 ], [ 16.114739662100682, 46.658435469366729 ], [ 16.114740048810752, 46.658435469366729 ], [ 16.114740048810752, 46.658436268155732 ], [ 16.114740435520822, 46.658436268155732 ], [ 16.114740435520822, 46.658437066944735 ], [ 16.114740822230893, 46.658437066944735 ], [ 16.114740822230893, 46.658437865733738 ], [ 16.114741208940963, 46.658437865733738 ], [ 16.114741208940963, 46.65843839825974 ], [ 16.114741595651033, 46.65843839825974 ], [ 16.114741595651033, 46.658438930785742 ], [ 16.114741982361103, 46.658438930785742 ], [ 16.114741982361103, 46.658439729574745 ], [ 16.114742369071173, 46.658439729574745 ], [ 16.114742369071173, 46.65844106088975 ], [ 16.114742755781243, 46.65844106088975 ], [ 16.114742755781243, 46.658442125941754 ], [ 16.114743142491314, 46.658442125941754 ], [ 16.114743142491314, 46.658443190993758 ], [ 16.114743529201384, 46.658443190993758 ], [ 16.114743529201384, 46.65844372351976 ], [ 16.114743915911454, 46.65844372351976 ], [ 16.114743915911454, 46.658444522308763 ], [ 16.114744302621524, 46.658444522308763 ], [ 16.114744302621524, 46.658445587360767 ], [ 16.114744689331594, 46.658445587360767 ], [ 16.114744689331594, 46.658446119886769 ], [ 16.114745076041665, 46.658446119886769 ], [ 16.114745076041665, 46.658447184938773 ], [ 16.114745462751735, 46.658447184938773 ], [ 16.114745462751735, 46.658448249990776 ], [ 16.114745849461805, 46.658448249990776 ], [ 16.114745849461805, 46.658449048779779 ], [ 16.114746236171875, 46.658449048779779 ], [ 16.114746236171875, 46.658449847568782 ], [ 16.114746622881945, 46.658449847568782 ], [ 16.114746622881945, 46.658450646357785 ], [ 16.114747009592016, 46.658450646357785 ], [ 16.114747009592016, 46.658451711409789 ], [ 16.114747396302086, 46.658451711409789 ], [ 16.114747396302086, 46.658452510198792 ], [ 16.114747783012156, 46.658452510198792 ], [ 16.114747783012156, 46.658453308987795 ], [ 16.114748169722226, 46.658453308987795 ], [ 16.114748169722226, 46.658454107776798 ], [ 16.114748556432296, 46.658454107776798 ], [ 16.114748556432296, 46.658454906565801 ], [ 16.114748943142366, 46.658454906565801 ], [ 16.114748943142366, 46.658455971617805 ], [ 16.114749329852437, 46.658455971617805 ], [ 16.114749329852437, 46.658457036669809 ], [ 16.114749716562507, 46.658457036669809 ], [ 16.114749716562507, 46.658457835458812 ], [ 16.114750103272577, 46.658457835458812 ], [ 16.114750103272577, 46.658458900510816 ], [ 16.114750489982647, 46.658458900510816 ], [ 16.114750489982647, 46.65845996556282 ], [ 16.114750876692717, 46.65845996556282 ], [ 16.114750876692717, 46.658460764351823 ], [ 16.114751263402788, 46.658460764351823 ], [ 16.114751263402788, 46.658461296877825 ], [ 16.114751650112858, 46.658461296877825 ], [ 16.114751650112858, 46.658462361929828 ], [ 16.114752036822928, 46.658462361929828 ], [ 16.114752036822928, 46.658463959507834 ], [ 16.114752423532998, 46.658463959507834 ], [ 16.114752423532998, 46.658465823348841 ], [ 16.114752810243068, 46.658465823348841 ], [ 16.114752810243068, 46.658466355874843 ], [ 16.114753196953139, 46.658466355874843 ], [ 16.114753196953139, 46.658466888400845 ], [ 16.114753583663209, 46.658466888400845 ], [ 16.114753583663209, 46.658467420926847 ], [ 16.114753970373279, 46.658467420926847 ], [ 16.114753970373279, 46.65846821971585 ], [ 16.114754357083349, 46.65846821971585 ], [ 16.114754357083349, 46.658468485978851 ], [ 16.114754743793419, 46.658468485978851 ], [ 16.114754743793419, 46.658469551030855 ], [ 16.11475513050349, 46.658469551030855 ], [ 16.11475513050349, 46.658470616082859 ], [ 16.11475551721356, 46.658470616082859 ], [ 16.11475551721356, 46.658471414871862 ], [ 16.11475513050349, 46.658471414871862 ], [ 16.11475513050349, 46.658471681134863 ], [ 16.114752423532998, 46.658471681134863 ], [ 16.114752423532998, 46.658471947397864 ], [ 16.114752036822928, 46.658471947397864 ], [ 16.114752036822928, 46.658472479923866 ], [ 16.114752423532998, 46.658472479923866 ], [ 16.114752423532998, 46.658473811238871 ], [ 16.114752810243068, 46.658473811238871 ], [ 16.114752810243068, 46.658474343764873 ], [ 16.114753196953139, 46.658474343764873 ], [ 16.114753196953139, 46.658474610027874 ], [ 16.114753970373279, 46.658474610027874 ], [ 16.114753970373279, 46.658474876290875 ], [ 16.114754357083349, 46.658474876290875 ], [ 16.114754357083349, 46.658475142553876 ], [ 16.1147562906337, 46.658475142553876 ], [ 16.1147562906337, 46.658475408816876 ], [ 16.11475706405384, 46.658475408816876 ], [ 16.11475706405384, 46.658475675079877 ], [ 16.114757450763911, 46.658475675079877 ], [ 16.114757450763911, 46.658475941342878 ], [ 16.114757837473981, 46.658475941342878 ], [ 16.114757837473981, 46.65847647386888 ], [ 16.114758224184051, 46.65847647386888 ], [ 16.114758224184051, 46.658477538920884 ], [ 16.114758610894121, 46.658477538920884 ], [ 16.114758610894121, 46.658478071446886 ], [ 16.114758997604191, 46.658478071446886 ], [ 16.114758997604191, 46.658478337709887 ], [ 16.114759384314262, 46.658478337709887 ], [ 16.114759384314262, 46.658479402761891 ], [ 16.114759771024332, 46.658479402761891 ], [ 16.114759771024332, 46.658480201550894 ], [ 16.114760157734402, 46.658480201550894 ], [ 16.114760157734402, 46.6584817991289 ], [ 16.114760544444472, 46.6584817991289 ], [ 16.114760544444472, 46.658482331654902 ], [ 16.114760931154542, 46.658482331654902 ], [ 16.114760931154542, 46.658482864180904 ], [ 16.114761317864613, 46.658482864180904 ], [ 16.114761317864613, 46.658483929232908 ], [ 16.114761704574683, 46.658483929232908 ], [ 16.114761704574683, 46.65848446175891 ], [ 16.114762091284753, 46.65848446175891 ], [ 16.114762091284753, 46.658484994284912 ], [ 16.114762477994823, 46.658484994284912 ], [ 16.114762477994823, 46.658485793073915 ], [ 16.114762864704893, 46.658485793073915 ], [ 16.114762864704893, 46.658486591862918 ], [ 16.114763251414963, 46.658486591862918 ], [ 16.114763251414963, 46.658487390651921 ], [ 16.114763638125034, 46.658487390651921 ], [ 16.114763638125034, 46.658488189440924 ], [ 16.114764024835104, 46.658488189440924 ], [ 16.114764024835104, 46.658488988229927 ], [ 16.114764411545174, 46.658488988229927 ], [ 16.114764411545174, 46.658490585807932 ], [ 16.114764798255244, 46.658490585807932 ], [ 16.114764798255244, 46.658491118333934 ], [ 16.114765184965314, 46.658491118333934 ], [ 16.114765184965314, 46.658492183385938 ], [ 16.114765571675385, 46.658492183385938 ], [ 16.114765571675385, 46.658493514700943 ], [ 16.114765958385455, 46.658493514700943 ], [ 16.114765958385455, 46.658495112278949 ], [ 16.114766345095525, 46.658495112278949 ], [ 16.114766345095525, 46.658495644804951 ], [ 16.114766731805595, 46.658495644804951 ], [ 16.114766731805595, 46.658496177330953 ], [ 16.114767118515665, 46.658496177330953 ], [ 16.114767118515665, 46.658496976119956 ], [ 16.114767505225736, 46.658496976119956 ], [ 16.114767505225736, 46.65849804117196 ], [ 16.114767891935806, 46.65849804117196 ], [ 16.114767891935806, 46.658498573697962 ], [ 16.114768278645876, 46.658498573697962 ], [ 16.114768278645876, 46.658499106223964 ], [ 16.114768665355946, 46.658499106223964 ], [ 16.114768665355946, 46.658500171275968 ], [ 16.114769052066016, 46.658500171275968 ], [ 16.114769052066016, 46.658500970064971 ], [ 16.114769438776086, 46.658500970064971 ], [ 16.114769438776086, 46.658502035116975 ], [ 16.114769825486157, 46.658502035116975 ], [ 16.114769825486157, 46.658503100168979 ], [ 16.114770212196227, 46.658503100168979 ], [ 16.114770212196227, 46.658504431483983 ], [ 16.114770598906297, 46.658504431483983 ], [ 16.114770598906297, 46.658505496535987 ], [ 16.114770985616367, 46.658505496535987 ], [ 16.114770985616367, 46.65850629532499 ], [ 16.114771372326437, 46.65850629532499 ], [ 16.114771372326437, 46.658507094113993 ], [ 16.114771759036508, 46.658507094113993 ], [ 16.114771759036508, 46.658508691691999 ], [ 16.114772145746578, 46.658508691691999 ], [ 16.114772145746578, 46.658510023007004 ], [ 16.114772532456648, 46.658510023007004 ], [ 16.114772532456648, 46.658511088059008 ], [ 16.114772919166718, 46.658511088059008 ], [ 16.114772919166718, 46.658511886848011 ], [ 16.114773305876788, 46.658511886848011 ], [ 16.114773305876788, 46.658512419374013 ], [ 16.114773692586859, 46.658512419374013 ], [ 16.114773692586859, 46.658513218163016 ], [ 16.114774079296929, 46.658513218163016 ], [ 16.114774079296929, 46.658513750689018 ], [ 16.114774466006999, 46.658513750689018 ], [ 16.114774466006999, 46.65851428321502 ], [ 16.114774852717069, 46.65851428321502 ], [ 16.114774852717069, 46.658515082004023 ], [ 16.114775239427139, 46.658515082004023 ], [ 16.114775239427139, 46.658515614530025 ], [ 16.114775626137209, 46.658515614530025 ], [ 16.114775626137209, 46.658516413319028 ], [ 16.11477601284728, 46.658516413319028 ], [ 16.11477601284728, 46.65851721210803 ], [ 16.11477639955735, 46.65851721210803 ], [ 16.11477639955735, 46.658518010897033 ], [ 16.11477678626742, 46.658518010897033 ], [ 16.11477678626742, 46.658518809686036 ], [ 16.11477717297749, 46.658518809686036 ], [ 16.11477717297749, 46.658519342212038 ], [ 16.11477755968756, 46.658519342212038 ], [ 16.11477755968756, 46.658520141001041 ], [ 16.114777946397631, 46.658520141001041 ], [ 16.114777946397631, 46.658520939790044 ], [ 16.114778333107701, 46.658520939790044 ], [ 16.114778333107701, 46.658522004842048 ], [ 16.114778719817771, 46.658522004842048 ], [ 16.114778719817771, 46.658523069894052 ], [ 16.114779106527841, 46.658523069894052 ], [ 16.114779106527841, 46.658523868683055 ], [ 16.114779493237911, 46.658523868683055 ], [ 16.114779493237911, 46.658524933735059 ], [ 16.114779879947982, 46.658524933735059 ], [ 16.114779879947982, 46.658525732524062 ], [ 16.114780266658052, 46.658525732524062 ], [ 16.114780266658052, 46.658526265050064 ], [ 16.114780653368122, 46.658526265050064 ], [ 16.114780653368122, 46.658527063839067 ], [ 16.114781040078192, 46.658527063839067 ], [ 16.114781040078192, 46.658528128891071 ], [ 16.114781426788262, 46.658528128891071 ], [ 16.114781426788262, 46.658529193943075 ], [ 16.114781813498332, 46.658529193943075 ], [ 16.114781813498332, 46.658529726469077 ], [ 16.114782200208403, 46.658529726469077 ], [ 16.114782200208403, 46.658531057784081 ], [ 16.114782586918473, 46.658531057784081 ], [ 16.114782586918473, 46.658533720414091 ], [ 16.114782973628543, 46.658533720414091 ], [ 16.114782973628543, 46.658534785466095 ], [ 16.114783360338613, 46.658534785466095 ], [ 16.114783360338613, 46.658535584255098 ], [ 16.114783747048683, 46.658535584255098 ], [ 16.114783747048683, 46.6585361167811 ], [ 16.114784133758754, 46.6585361167811 ], [ 16.114784133758754, 46.658537714359106 ], [ 16.114784520468824, 46.658537714359106 ], [ 16.114784520468824, 46.658537980622107 ], [ 16.114785680599034, 46.658537980622107 ], [ 16.114785680599034, 46.658538246885108 ], [ 16.114786067309105, 46.658538246885108 ], [ 16.114786067309105, 46.658538513148109 ], [ 16.114788774279596, 46.658538513148109 ], [ 16.114788774279596, 46.658538246885108 ], [ 16.114790321119877, 46.658538246885108 ], [ 16.114790321119877, 46.658537980622107 ], [ 16.114791867960157, 46.658537980622107 ], [ 16.114791867960157, 46.658537714359106 ], [ 16.114793028090368, 46.658537714359106 ], [ 16.114793028090368, 46.658537448096105 ], [ 16.114794574930649, 46.658537448096105 ], [ 16.114794574930649, 46.658537181833104 ], [ 16.114795735060859, 46.658537181833104 ], [ 16.114795735060859, 46.658536915570103 ], [ 16.11479689519107, 46.658536915570103 ], [ 16.11479689519107, 46.658536649307102 ], [ 16.11479805532128, 46.658536649307102 ], [ 16.11479805532128, 46.658536383044101 ], [ 16.114799602161561, 46.658536383044101 ], [ 16.114799602161561, 46.6585361167811 ], [ 16.114800375581702, 46.6585361167811 ], [ 16.114800375581702, 46.658535850518099 ], [ 16.114801149001842, 46.658535850518099 ], [ 16.114801149001842, 46.658535584255098 ], [ 16.114802695842123, 46.658535584255098 ], [ 16.114802695842123, 46.658535317992097 ], [ 16.114803855972333, 46.658535317992097 ], [ 16.114803855972333, 46.658535051729096 ], [ 16.114805016102544, 46.658535051729096 ], [ 16.114805016102544, 46.658534785466095 ], [ 16.114806176232754, 46.658534785466095 ], [ 16.114806176232754, 46.658534519203094 ], [ 16.114807336362965, 46.658534519203094 ], [ 16.114807336362965, 46.658534252940093 ], [ 16.114808883203246, 46.658534252940093 ], [ 16.114808883203246, 46.658533986677092 ], [ 16.114810043333456, 46.658533986677092 ], [ 16.114810043333456, 46.658533720414091 ], [ 16.114810816753597, 46.658533720414091 ], [ 16.114810816753597, 46.65853345415109 ], [ 16.114812363593877, 46.65853345415109 ], [ 16.114812363593877, 46.658533187888089 ], [ 16.114814297144228, 46.658533187888089 ], [ 16.114814297144228, 46.658532921625088 ], [ 16.114815843984509, 46.658532921625088 ], [ 16.114815843984509, 46.658532655362087 ], [ 16.114816617404649, 46.658532655362087 ], [ 16.114816617404649, 46.658532389099086 ], [ 16.11481777753486, 46.658532389099086 ], [ 16.11481777753486, 46.658532122836085 ], [ 16.114820097795281, 46.658532122836085 ], [ 16.114820097795281, 46.658531856573084 ], [ 16.114821257925492, 46.658531856573084 ], [ 16.114821257925492, 46.658531590310083 ], [ 16.114822031345632, 46.658531590310083 ], [ 16.114822031345632, 46.658531324047082 ], [ 16.114823578185913, 46.658531324047082 ], [ 16.114823578185913, 46.658531057784081 ], [ 16.114825511736264, 46.658531057784081 ], [ 16.114825511736264, 46.658530791521081 ], [ 16.114826285156404, 46.658530791521081 ], [ 16.114826285156404, 46.65853052525808 ], [ 16.114827058576545, 46.65853052525808 ], [ 16.114827058576545, 46.658530258995079 ], [ 16.114828218706755, 46.658530258995079 ], [ 16.114828218706755, 46.658529992732078 ], [ 16.114830152257106, 46.658529992732078 ], [ 16.114830152257106, 46.658529726469077 ], [ 16.114831312387317, 46.658529726469077 ], [ 16.114831312387317, 46.658529460206076 ], [ 16.114832085807457, 46.658529460206076 ], [ 16.114832085807457, 46.658529193943075 ], [ 16.114833245937668, 46.658529193943075 ], [ 16.114833245937668, 46.658528927680074 ], [ 16.114835179488018, 46.658528927680074 ], [ 16.114835179488018, 46.658528661417073 ], [ 16.114836339618229, 46.658528661417073 ], [ 16.114836339618229, 46.658528395154072 ], [ 16.114837113038369, 46.658528395154072 ], [ 16.114837113038369, 46.658528128891071 ], [ 16.11483827316858, 46.658528128891071 ], [ 16.11483827316858, 46.65852786262807 ], [ 16.114839820008861, 46.65852786262807 ], [ 16.114839820008861, 46.658527596365069 ], [ 16.114840980139071, 46.658527596365069 ], [ 16.114840980139071, 46.658527330102068 ], [ 16.114841366849141, 46.658527330102068 ], [ 16.114841366849141, 46.658527063839067 ], [ 16.114842140269282, 46.658527063839067 ], [ 16.114842140269282, 46.658526797576066 ], [ 16.114844073819633, 46.658526797576066 ], [ 16.114844073819633, 46.658526531313065 ], [ 16.114845620659914, 46.658526531313065 ], [ 16.114845620659914, 46.658526265050064 ], [ 16.114846780790124, 46.658526265050064 ], [ 16.114846780790124, 46.658525998787063 ], [ 16.114847940920335, 46.658525998787063 ], [ 16.114847940920335, 46.658525732524062 ], [ 16.114849874470686, 46.658525732524062 ], [ 16.114849874470686, 46.658525466261061 ], [ 16.114851421310966, 46.658525466261061 ], [ 16.114851421310966, 46.65852519999806 ], [ 16.114852194731107, 46.65852519999806 ], [ 16.114852194731107, 46.658524933735059 ], [ 16.114853354861317, 46.658524933735059 ], [ 16.114853354861317, 46.658524667472058 ], [ 16.114854901701598, 46.658524667472058 ], [ 16.114854901701598, 46.658524401209057 ], [ 16.114855675121738, 46.658524401209057 ], [ 16.114855675121738, 46.658524134946056 ], [ 16.114856061831809, 46.658524134946056 ], [ 16.114856061831809, 46.658515348267024 ], [ 16.114855675121738, 46.658515348267024 ], [ 16.114855675121738, 46.658514016952019 ], [ 16.114855288411668, 46.658514016952019 ], [ 16.114855288411668, 46.658513484426017 ], [ 16.114854901701598, 46.658513484426017 ], [ 16.114854901701598, 46.658511886848011 ], [ 16.114854514991528, 46.658511886848011 ], [ 16.114854514991528, 46.658509756744003 ], [ 16.114854128281458, 46.658509756744003 ], [ 16.114854128281458, 46.65850070380197 ], [ 16.114853741571388, 46.65850070380197 ], [ 16.114853741571388, 46.658499638749966 ], [ 16.114853354861317, 46.658499638749966 ], [ 16.114853354861317, 46.658498839960963 ], [ 16.114852968151247, 46.658498839960963 ], [ 16.114852968151247, 46.65849804117196 ], [ 16.114852581441177, 46.65849804117196 ], [ 16.114852581441177, 46.658496976119956 ], [ 16.114852194731107, 46.658496976119956 ], [ 16.114852194731107, 46.658495911067952 ], [ 16.114851808021037, 46.658495911067952 ], [ 16.114851808021037, 46.658493780963944 ], [ 16.114851421310966, 46.658493780963944 ], [ 16.114851421310966, 46.65849271591194 ], [ 16.114851034600896, 46.65849271591194 ], [ 16.114851034600896, 46.658492449648939 ], [ 16.114851421310966, 46.658492449648939 ], [ 16.114851421310966, 46.658492183385938 ], [ 16.114851808021037, 46.658492183385938 ], [ 16.114851808021037, 46.658492449648939 ], [ 16.114852194731107, 46.658492449648939 ], [ 16.114852194731107, 46.658492982174941 ], [ 16.114852581441177, 46.658492982174941 ], [ 16.114852581441177, 46.658493514700943 ], [ 16.114852968151247, 46.658493514700943 ], [ 16.114852968151247, 46.658494047226945 ], [ 16.114853354861317, 46.658494047226945 ], [ 16.114853354861317, 46.658494846015948 ], [ 16.114853741571388, 46.658494846015948 ], [ 16.114853741571388, 46.658496709856955 ], [ 16.114854128281458, 46.658496709856955 ], [ 16.114854128281458, 46.658498307434961 ], [ 16.114854514991528, 46.658498307434961 ], [ 16.114854514991528, 46.658499106223964 ], [ 16.114854901701598, 46.658499106223964 ], [ 16.114854901701598, 46.658499905012967 ], [ 16.114855288411668, 46.658499905012967 ], [ 16.114855288411668, 46.658500437538969 ], [ 16.114855675121738, 46.658500437538969 ], [ 16.114855675121738, 46.658502567642977 ], [ 16.114856061831809, 46.658502567642977 ], [ 16.114856061831809, 46.658503366431979 ], [ 16.114855675121738, 46.658503366431979 ], [ 16.114855675121738, 46.658506827850992 ], [ 16.114855288411668, 46.658506827850992 ], [ 16.114855288411668, 46.658509224218001 ], [ 16.114855675121738, 46.658509224218001 ], [ 16.114855675121738, 46.658510555533006 ], [ 16.114856061831809, 46.658510555533006 ], [ 16.114856061831809, 46.658511088059008 ], [ 16.114856448541879, 46.658511088059008 ], [ 16.114856448541879, 46.658511886848011 ], [ 16.114856835251949, 46.658511886848011 ], [ 16.114856835251949, 46.658513218163016 ], [ 16.114857221962019, 46.658513218163016 ], [ 16.114857221962019, 46.658514815741022 ], [ 16.114857608672089, 46.658514815741022 ], [ 16.114857608672089, 46.658515348267024 ], [ 16.11485799538216, 46.658515348267024 ], [ 16.11485799538216, 46.658515614530025 ], [ 16.11485954222244, 46.658515614530025 ], [ 16.11485954222244, 46.658515880793026 ], [ 16.114860315642581, 46.658515880793026 ], [ 16.114860315642581, 46.658516147056027 ], [ 16.114860702352651, 46.658516147056027 ], [ 16.114860702352651, 46.658516413319028 ], [ 16.114861862482861, 46.658516413319028 ], [ 16.114861862482861, 46.658516147056027 ], [ 16.114862249192932, 46.658516147056027 ], [ 16.114862249192932, 46.658515880793026 ], [ 16.114862635903002, 46.658515880793026 ], [ 16.114862635903002, 46.658516147056027 ], [ 16.114863022613072, 46.658516147056027 ], [ 16.114863022613072, 46.65851694584503 ], [ 16.114863409323142, 46.65851694584503 ], [ 16.114863409323142, 46.65851721210803 ], [ 16.114863796033212, 46.65851721210803 ], [ 16.114863796033212, 46.658517478371031 ], [ 16.114864182743283, 46.658517478371031 ], [ 16.114864182743283, 46.658517744634032 ], [ 16.114864569453353, 46.658517744634032 ], [ 16.114864569453353, 46.658518543423035 ], [ 16.114864182743283, 46.658518543423035 ], [ 16.114864182743283, 46.658518809686036 ], [ 16.114863796033212, 46.658518809686036 ], [ 16.114863796033212, 46.658519075949037 ], [ 16.114863409323142, 46.658519075949037 ], [ 16.114863409323142, 46.658519342212038 ], [ 16.114863022613072, 46.658519342212038 ], [ 16.114863022613072, 46.658519608475039 ], [ 16.114862635903002, 46.658519608475039 ], [ 16.114862635903002, 46.65851987473804 ], [ 16.114862249192932, 46.65851987473804 ], [ 16.114862249192932, 46.658520141001041 ], [ 16.114861862482861, 46.658520141001041 ], [ 16.114861862482861, 46.658520407264042 ], [ 16.114861475772791, 46.658520407264042 ], [ 16.114861475772791, 46.658520673527043 ], [ 16.114861089062721, 46.658520673527043 ], [ 16.114861089062721, 46.658520939790044 ], [ 16.114860702352651, 46.658520939790044 ], [ 16.114860702352651, 46.658521206053045 ], [ 16.114860315642581, 46.658521206053045 ], [ 16.114860315642581, 46.658521738579047 ], [ 16.114859928932511, 46.658521738579047 ], [ 16.114859928932511, 46.658522803631051 ], [ 16.114860315642581, 46.658522803631051 ], [ 16.114860315642581, 46.658523069894052 ], [ 16.114861862482861, 46.658523069894052 ], [ 16.114861862482861, 46.658522803631051 ], [ 16.114863022613072, 46.658522803631051 ], [ 16.114863022613072, 46.65852253736805 ], [ 16.114865342873493, 46.65852253736805 ], [ 16.114865342873493, 46.658522271105049 ], [ 16.114866503003704, 46.658522271105049 ], [ 16.114866503003704, 46.658522004842048 ], [ 16.114868049843984, 46.658522004842048 ], [ 16.114868049843984, 46.658521738579047 ], [ 16.114869209974195, 46.658521738579047 ], [ 16.114869209974195, 46.658521472316046 ], [ 16.114871530234616, 46.658521472316046 ], [ 16.114871530234616, 46.658521206053045 ], [ 16.114872690364827, 46.658521206053045 ], [ 16.114872690364827, 46.658520939790044 ], [ 16.114874623915178, 46.658520939790044 ], [ 16.114874623915178, 46.658520673527043 ], [ 16.114876944175599, 46.658520673527043 ], [ 16.114876944175599, 46.658520407264042 ], [ 16.114878104305809, 46.658520407264042 ], [ 16.114878104305809, 46.658520141001041 ], [ 16.11487926443602, 46.658520141001041 ], [ 16.11487926443602, 46.65851987473804 ], [ 16.11488003785616, 46.65851987473804 ], [ 16.11488003785616, 46.658519608475039 ], [ 16.114881584696441, 46.658519608475039 ], [ 16.114881584696441, 46.658519342212038 ], [ 16.114883518246792, 46.658519342212038 ], [ 16.114883518246792, 46.658519075949037 ], [ 16.114884291666932, 46.658519075949037 ], [ 16.114884291666932, 46.658518809686036 ], [ 16.114885451797143, 46.658518809686036 ], [ 16.114885451797143, 46.658518543423035 ], [ 16.114887385347494, 46.658518543423035 ], [ 16.114887385347494, 46.658518277160034 ], [ 16.114888932187775, 46.658518277160034 ], [ 16.114888932187775, 46.658518010897033 ], [ 16.114890092317985, 46.658518010897033 ], [ 16.114890092317985, 46.658517744634032 ], [ 16.114891252448196, 46.658517744634032 ], [ 16.114891252448196, 46.658517478371031 ], [ 16.114892799288477, 46.658517478371031 ], [ 16.114892799288477, 46.65851721210803 ], [ 16.114894732838827, 46.65851721210803 ], [ 16.114894732838827, 46.65851694584503 ], [ 16.114895506258968, 46.65851694584503 ], [ 16.114895506258968, 46.658516679582029 ], [ 16.114896279679108, 46.658516679582029 ], [ 16.114896279679108, 46.658516413319028 ], [ 16.114898213229459, 46.658516413319028 ], [ 16.114898213229459, 46.658516147056027 ], [ 16.11490053348988, 46.658516147056027 ], [ 16.11490053348988, 46.658515880793026 ], [ 16.114901306910021, 46.658515880793026 ], [ 16.114901306910021, 46.658515614530025 ], [ 16.114903240460372, 46.658515614530025 ], [ 16.114903240460372, 46.658515348267024 ], [ 16.114904400590582, 46.658515348267024 ], [ 16.114904400590582, 46.658515082004023 ], [ 16.114905560720793, 46.658515082004023 ], [ 16.114905560720793, 46.658514815741022 ], [ 16.114906334140933, 46.658514815741022 ], [ 16.114906334140933, 46.658514549478021 ], [ 16.114907880981214, 46.658514549478021 ], [ 16.114907880981214, 46.65851428321502 ], [ 16.114909041111424, 46.65851428321502 ], [ 16.114909041111424, 46.658514016952019 ], [ 16.114910587951705, 46.658514016952019 ], [ 16.114910587951705, 46.658513750689018 ], [ 16.114911748081916, 46.658513750689018 ], [ 16.114911748081916, 46.658513484426017 ], [ 16.114913294922196, 46.658513484426017 ], [ 16.114913294922196, 46.658513218163016 ], [ 16.114914841762477, 46.658513218163016 ], [ 16.114914841762477, 46.658512951900015 ], [ 16.114916388602758, 46.658512951900015 ], [ 16.114916388602758, 46.658512685637014 ], [ 16.114917548732969, 46.658512685637014 ], [ 16.114917548732969, 46.658512419374013 ], [ 16.114919095573249, 46.658512419374013 ], [ 16.114919095573249, 46.658512153111012 ], [ 16.11492025570346, 46.658512153111012 ], [ 16.11492025570346, 46.658511886848011 ], [ 16.114921802543741, 46.658511886848011 ], [ 16.114921802543741, 46.65851162058501 ], [ 16.114922962673951, 46.65851162058501 ], [ 16.114922962673951, 46.658511354322009 ], [ 16.114924122804162, 46.658511354322009 ], [ 16.114924122804162, 46.658511088059008 ], [ 16.114925669644443, 46.658511088059008 ], [ 16.114925669644443, 46.658510821796007 ], [ 16.114926829774653, 46.658510821796007 ], [ 16.114926829774653, 46.658510555533006 ], [ 16.114928376614934, 46.658510555533006 ], [ 16.114928376614934, 46.658510289270005 ], [ 16.114929536745144, 46.658510289270005 ], [ 16.114929536745144, 46.658510023007004 ], [ 16.114930696875355, 46.658510023007004 ], [ 16.114930696875355, 46.658509756744003 ], [ 16.114932243715636, 46.658509756744003 ], [ 16.114932243715636, 46.658509490481002 ], [ 16.114933403845846, 46.658509490481002 ], [ 16.114933403845846, 46.658509224218001 ], [ 16.114934950686127, 46.658509224218001 ], [ 16.114934950686127, 46.658508957955 ], [ 16.114936110816338, 46.658508957955 ], [ 16.114936110816338, 46.658508691691999 ], [ 16.114937657656618, 46.658508691691999 ], [ 16.114937657656618, 46.658508425428998 ], [ 16.114938817786829, 46.658508425428998 ], [ 16.114938817786829, 46.658508159165997 ], [ 16.114939977917039, 46.658508159165997 ], [ 16.114939977917039, 46.658507892902996 ], [ 16.11494152475732, 46.658507892902996 ], [ 16.11494152475732, 46.658507626639995 ], [ 16.114942684887531, 46.658507626639995 ], [ 16.114942684887531, 46.658507360376994 ], [ 16.114944231727812, 46.658507360376994 ], [ 16.114944231727812, 46.658507094113993 ], [ 16.114945391858022, 46.658507094113993 ], [ 16.114945391858022, 46.658506827850992 ], [ 16.114946551988233, 46.658506827850992 ], [ 16.114946551988233, 46.658506561587991 ], [ 16.114948098828513, 46.658506561587991 ], [ 16.114948098828513, 46.65850629532499 ], [ 16.114949258958724, 46.65850629532499 ], [ 16.114949258958724, 46.658506029061989 ], [ 16.114950805799005, 46.658506029061989 ], [ 16.114950805799005, 46.658505762798988 ], [ 16.114951965929215, 46.658505762798988 ], [ 16.114951965929215, 46.658505496535987 ], [ 16.114953512769496, 46.658505496535987 ], [ 16.114953512769496, 46.658505230272986 ], [ 16.114954672899707, 46.658505230272986 ], [ 16.114954672899707, 46.658504964009985 ], [ 16.114955833029917, 46.658504964009985 ], [ 16.114955833029917, 46.658504697746984 ], [ 16.114957379870198, 46.658504697746984 ], [ 16.114957379870198, 46.658504431483983 ], [ 16.114958540000409, 46.658504431483983 ], [ 16.114958540000409, 46.658504165220982 ], [ 16.114960086840689, 46.658504165220982 ], [ 16.114960086840689, 46.658503898957981 ], [ 16.1149612469709, 46.658503898957981 ], [ 16.1149612469709, 46.65850363269498 ], [ 16.11496240710111, 46.65850363269498 ], [ 16.11496240710111, 46.658503366431979 ], [ 16.114963953941391, 46.658503366431979 ], [ 16.114963953941391, 46.658503100168979 ], [ 16.114965114071602, 46.658503100168979 ], [ 16.114965114071602, 46.658502833905978 ], [ 16.114966660911882, 46.658502833905978 ], [ 16.114966660911882, 46.658502567642977 ], [ 16.114967821042093, 46.658502567642977 ], [ 16.114967821042093, 46.658502301379976 ], [ 16.114969367882374, 46.658502301379976 ], [ 16.114969367882374, 46.658502035116975 ], [ 16.114970141302514, 46.658502035116975 ], [ 16.114970141302514, 46.658501768853974 ], [ 16.114971688142795, 46.658501768853974 ], [ 16.114971688142795, 46.658501502590973 ], [ 16.114972848273005, 46.658501502590973 ], [ 16.114972848273005, 46.658501236327972 ], [ 16.114974395113286, 46.658501236327972 ], [ 16.114974395113286, 46.658500970064971 ], [ 16.114975555243497, 46.658500970064971 ], [ 16.114975555243497, 46.65850070380197 ], [ 16.114977102083778, 46.65850070380197 ], [ 16.114977102083778, 46.658500437538969 ], [ 16.114978648924058, 46.658500437538969 ], [ 16.114978648924058, 46.658500171275968 ], [ 16.114979809054269, 46.658500171275968 ], [ 16.114979809054269, 46.658499905012967 ], [ 16.114980969184479, 46.658499905012967 ], [ 16.114980969184479, 46.658499638749966 ], [ 16.11498212931469, 46.658499638749966 ], [ 16.11498212931469, 46.658499372486965 ], [ 16.114983676154971, 46.658499372486965 ], [ 16.114983676154971, 46.658499106223964 ], [ 16.114985222995251, 46.658499106223964 ], [ 16.114985222995251, 46.658498839960963 ], [ 16.114986383125462, 46.658498839960963 ], [ 16.114986383125462, 46.658498573697962 ], [ 16.114987543255673, 46.658498573697962 ], [ 16.114987543255673, 46.658498307434961 ], [ 16.114989090095953, 46.658498307434961 ], [ 16.114989090095953, 46.65849804117196 ], [ 16.114990250226164, 46.65849804117196 ], [ 16.114990250226164, 46.658497774908959 ], [ 16.114990636936234, 46.658497774908959 ], [ 16.114990636936234, 46.658497508645958 ], [ 16.114992957196655, 46.658497508645958 ], [ 16.114992957196655, 46.658497242382957 ], [ 16.114994504036936, 46.658497242382957 ], [ 16.114994504036936, 46.658496976119956 ], [ 16.114995664167147, 46.658496976119956 ], [ 16.114995664167147, 46.658496709856955 ], [ 16.114996824297357, 46.658496709856955 ], [ 16.114996824297357, 46.658496443593954 ], [ 16.114998371137638, 46.658496443593954 ], [ 16.114998371137638, 46.658496177330953 ], [ 16.114999531267848, 46.658496177330953 ], [ 16.114999531267848, 46.658495911067952 ], [ 16.115000691398059, 46.658495911067952 ], [ 16.115000691398059, 46.658495644804951 ], [ 16.11500185152827, 46.658495644804951 ], [ 16.11500185152827, 46.65849537854195 ], [ 16.11500339836855, 46.65849537854195 ], [ 16.11500339836855, 46.658495112278949 ], [ 16.115004558498761, 46.658495112278949 ], [ 16.115004558498761, 46.658494846015948 ], [ 16.115005718628971, 46.658494846015948 ], [ 16.115005718628971, 46.658494579752947 ], [ 16.115006878759182, 46.658494579752947 ], [ 16.115006878759182, 46.658494313489946 ], [ 16.115008425599463, 46.658494313489946 ], [ 16.115008425599463, 46.658494047226945 ], [ 16.115009972439744, 46.658494047226945 ], [ 16.115009972439744, 46.658493780963944 ], [ 16.115011132569954, 46.658493780963944 ], [ 16.115011132569954, 46.658493514700943 ], [ 16.115011905990094, 46.658493514700943 ], [ 16.115011905990094, 46.658493248437942 ], [ 16.115013066120305, 46.658493248437942 ], [ 16.115013066120305, 46.658492982174941 ], [ 16.115014612960586, 46.658492982174941 ], [ 16.115014612960586, 46.65849271591194 ], [ 16.115015773090796, 46.65849271591194 ], [ 16.115015773090796, 46.658492449648939 ], [ 16.115016933221007, 46.658492449648939 ], [ 16.115016933221007, 46.658492183385938 ], [ 16.115018093351217, 46.658492183385938 ], [ 16.115018093351217, 46.658491917122937 ], [ 16.115019640191498, 46.658491917122937 ], [ 16.115019640191498, 46.658491650859936 ], [ 16.115021187031779, 46.658491650859936 ], [ 16.115021187031779, 46.658491384596935 ], [ 16.115021960451919, 46.658491384596935 ], [ 16.115021960451919, 46.658491118333934 ], [ 16.1150235072922, 46.658491118333934 ], [ 16.1150235072922, 46.658490852070933 ], [ 16.115025054132481, 46.658490852070933 ], [ 16.115025054132481, 46.658490585807932 ], [ 16.115026600972762, 46.658490585807932 ], [ 16.115026600972762, 46.658490319544931 ], [ 16.115027761102972, 46.658490319544931 ], [ 16.115027761102972, 46.65849005328193 ], [ 16.115028534523113, 46.65849005328193 ], [ 16.115028534523113, 46.658489787018929 ], [ 16.115030854783534, 46.658489787018929 ], [ 16.115030854783534, 46.658489520755928 ], [ 16.115032014913744, 46.658489520755928 ], [ 16.115032014913744, 46.658489254492928 ], [ 16.115033175043955, 46.658489254492928 ], [ 16.115033175043955, 46.658488988229927 ], [ 16.115034335174165, 46.658488988229927 ], [ 16.115034335174165, 46.658488721966926 ], [ 16.115035882014446, 46.658488721966926 ], [ 16.115035882014446, 46.658488455703925 ], [ 16.115037428854727, 46.658488455703925 ], [ 16.115037428854727, 46.658488189440924 ], [ 16.115038202274867, 46.658488189440924 ], [ 16.115038202274867, 46.658487923177923 ], [ 16.115039749115148, 46.658487923177923 ], [ 16.115039749115148, 46.658487656914922 ], [ 16.115041295955429, 46.658487656914922 ], [ 16.115041295955429, 46.658487390651921 ], [ 16.115042456085639, 46.658487390651921 ], [ 16.115042456085639, 46.65848712438892 ], [ 16.11504322950578, 46.65848712438892 ], [ 16.11504322950578, 46.658486858125919 ], [ 16.11504400292592, 46.658486858125919 ], [ 16.11504400292592, 46.658486591862918 ], [ 16.115045936476271, 46.658486591862918 ], [ 16.115045936476271, 46.658486325599917 ], [ 16.115047483316552, 46.658486325599917 ], [ 16.115047483316552, 46.658486059336916 ], [ 16.115048643446762, 46.658486059336916 ], [ 16.115048643446762, 46.658485793073915 ], [ 16.115049803576973, 46.658485793073915 ], [ 16.115049803576973, 46.658485526810914 ], [ 16.115051737127324, 46.658485526810914 ], [ 16.115051737127324, 46.658485260547913 ], [ 16.115053283967605, 46.658485260547913 ], [ 16.115053283967605, 46.658484994284912 ], [ 16.115054444097815, 46.658484994284912 ], [ 16.115054444097815, 46.658484728021911 ], [ 16.115055604228026, 46.658484728021911 ], [ 16.115055604228026, 46.65848446175891 ], [ 16.115057151068306, 46.65848446175891 ], [ 16.115057151068306, 46.658484195495909 ], [ 16.115057537778377, 46.658484195495909 ], [ 16.115058311198517, 46.658484195495909 ], [ 16.115058311198517, 46.658483929232908 ], [ 16.115059471328728, 46.658483929232908 ], [ 16.115059471328728, 46.658483662969907 ], [ 16.115060631458938, 46.658483662969907 ], [ 16.115060631458938, 46.658483396706906 ], [ 16.115062178299219, 46.658483396706906 ], [ 16.115062178299219, 46.658483130443905 ], [ 16.11506333842943, 46.658483130443905 ], [ 16.11506333842943, 46.658482864180904 ], [ 16.11506449855964, 46.658482864180904 ], [ 16.11506449855964, 46.658482597917903 ], [ 16.115065658689851, 46.658482597917903 ], [ 16.115065658689851, 46.658482331654902 ], [ 16.115067592240202, 46.658482331654902 ], [ 16.115067592240202, 46.658482065391901 ], [ 16.115069139080482, 46.658482065391901 ], [ 16.115069139080482, 46.6584817991289 ], [ 16.115070299210693, 46.6584817991289 ], [ 16.115070299210693, 46.658481532865899 ], [ 16.115071459340903, 46.658481532865899 ], [ 16.115071459340903, 46.658481266602898 ], [ 16.115073392891254, 46.658481266602898 ], [ 16.115073392891254, 46.658481000339897 ], [ 16.115074939731535, 46.658481000339897 ], [ 16.115074939731535, 46.658480734076896 ], [ 16.115076099861746, 46.658480734076896 ], [ 16.115076099861746, 46.658480467813895 ], [ 16.115077646702026, 46.658480467813895 ], [ 16.115077646702026, 46.658480201550894 ], [ 16.115078806832237, 46.658480201550894 ], [ 16.115078806832237, 46.658479935287893 ], [ 16.115080353672518, 46.658479935287893 ], [ 16.115080353672518, 46.658479669024892 ], [ 16.115081513802728, 46.658479669024892 ], [ 16.115081513802728, 46.658479402761891 ], [ 16.115083060643009, 46.658479402761891 ], [ 16.115083060643009, 46.65847913649889 ], [ 16.11508422077322, 46.65847913649889 ], [ 16.11508422077322, 46.658478870235889 ], [ 16.11508538090343, 46.658478870235889 ], [ 16.11508538090343, 46.658478603972888 ], [ 16.115086541033641, 46.658478603972888 ], [ 16.115086541033641, 46.658478337709887 ], [ 16.115087701163851, 46.658478337709887 ], [ 16.115087701163851, 46.658478071446886 ], [ 16.115089248004132, 46.658478071446886 ], [ 16.115089248004132, 46.658477805183885 ], [ 16.115090794844413, 46.658477805183885 ], [ 16.115090794844413, 46.658477538920884 ], [ 16.115091954974623, 46.658477538920884 ], [ 16.115091954974623, 46.658477272657883 ], [ 16.115093501814904, 46.658477272657883 ], [ 16.115093501814904, 46.658477006394882 ], [ 16.115094661945115, 46.658477006394882 ], [ 16.115094661945115, 46.658476740131881 ], [ 16.115096208785396, 46.658476740131881 ], [ 16.115096208785396, 46.65847647386888 ], [ 16.115096982205536, 46.65847647386888 ], [ 16.115096982205536, 46.658476207605879 ], [ 16.115098142335746, 46.658476207605879 ], [ 16.115098142335746, 46.658475941342878 ], [ 16.115099689176027, 46.658475941342878 ], [ 16.115099689176027, 46.658475675079877 ], [ 16.115100849306238, 46.658475675079877 ], [ 16.115100849306238, 46.658475408816876 ], [ 16.115102009436448, 46.658475408816876 ], [ 16.115102009436448, 46.658475142553876 ], [ 16.115103169566659, 46.658475142553876 ], [ 16.115103169566659, 46.658474876290875 ], [ 16.11510510311701, 46.658474876290875 ], [ 16.11510510311701, 46.658474610027874 ], [ 16.11510626324722, 46.658474610027874 ], [ 16.11510626324722, 46.658474343764873 ], [ 16.115107423377431, 46.658474343764873 ], [ 16.115107423377431, 46.658474077501872 ], [ 16.115108583507642, 46.658474077501872 ], [ 16.115108583507642, 46.658473811238871 ], [ 16.115110130347922, 46.658473811238871 ], [ 16.115110130347922, 46.65847354497587 ], [ 16.115111677188203, 46.65847354497587 ], [ 16.115111677188203, 46.658473278712869 ], [ 16.115112837318414, 46.658473278712869 ], [ 16.115112837318414, 46.658473012449868 ], [ 16.115113997448624, 46.658473012449868 ], [ 16.115113997448624, 46.658472746186867 ], [ 16.115115544288905, 46.658472746186867 ], [ 16.115115544288905, 46.658472479923866 ], [ 16.115116704419115, 46.658472479923866 ], [ 16.115116704419115, 46.658472213660865 ], [ 16.115117864549326, 46.658472213660865 ], [ 16.115117864549326, 46.658471947397864 ], [ 16.115119411389607, 46.658471947397864 ], [ 16.115119411389607, 46.658471681134863 ], [ 16.115121344939958, 46.658471681134863 ], [ 16.115121344939958, 46.658471414871862 ], [ 16.115122505070168, 46.658471414871862 ], [ 16.115122505070168, 46.658471148608861 ], [ 16.115124051910449, 46.658471148608861 ], [ 16.115124051910449, 46.65847088234586 ], [ 16.11512521204066, 46.65847088234586 ], [ 16.11512521204066, 46.658470616082859 ], [ 16.11512637217087, 46.658470616082859 ], [ 16.11512637217087, 46.658470349819858 ], [ 16.115127919011151, 46.658470349819858 ], [ 16.115127919011151, 46.658470083556857 ], [ 16.115129079141362, 46.658470083556857 ], [ 16.115129079141362, 46.658469817293856 ], [ 16.115130625981642, 46.658469817293856 ], [ 16.115130625981642, 46.658469551030855 ], [ 16.115131786111853, 46.658469551030855 ], [ 16.115131786111853, 46.658469284767854 ], [ 16.115132946242063, 46.658469284767854 ], [ 16.115132946242063, 46.658469018504853 ], [ 16.115134493082344, 46.658469018504853 ], [ 16.115134493082344, 46.658468752241852 ], [ 16.115135653212555, 46.658468752241852 ], [ 16.115135653212555, 46.658468485978851 ], [ 16.115137200052835, 46.658468485978851 ], [ 16.115137200052835, 46.65846821971585 ], [ 16.115138360183046, 46.65846821971585 ], [ 16.115138360183046, 46.658467953452849 ], [ 16.115139907023327, 46.658467953452849 ], [ 16.115139907023327, 46.658467687189848 ], [ 16.115141067153537, 46.658467687189848 ], [ 16.115141067153537, 46.658467420926847 ], [ 16.115142227283748, 46.658467420926847 ], [ 16.115142227283748, 46.658467154663846 ], [ 16.115143774124029, 46.658467154663846 ], [ 16.115143774124029, 46.658466888400845 ], [ 16.115144934254239, 46.658466888400845 ], [ 16.115144934254239, 46.658466622137844 ], [ 16.11514648109452, 46.658466622137844 ], [ 16.11514648109452, 46.658466355874843 ], [ 16.115147641224731, 46.658466355874843 ], [ 16.115147641224731, 46.658466089611842 ], [ 16.115148801354941, 46.658466089611842 ], [ 16.115148801354941, 46.658465823348841 ], [ 16.115150348195222, 46.658465823348841 ], [ 16.115150348195222, 46.65846555708584 ], [ 16.115151508325432, 46.65846555708584 ], [ 16.115151508325432, 46.658465290822839 ], [ 16.115153055165713, 46.658465290822839 ], [ 16.115153055165713, 46.658465024559838 ], [ 16.115154215295924, 46.658465024559838 ], [ 16.115154215295924, 46.658464758296837 ], [ 16.115155762136204, 46.658464758296837 ], [ 16.115155762136204, 46.658464492033836 ], [ 16.115156922266415, 46.658464492033836 ], [ 16.115156922266415, 46.658464225770835 ], [ 16.115158082396626, 46.658464225770835 ], [ 16.115158082396626, 46.658463959507834 ], [ 16.115159629236906, 46.658463959507834 ], [ 16.115159629236906, 46.658463693244833 ], [ 16.115160789367117, 46.658463693244833 ], [ 16.115160789367117, 46.658463426981832 ], [ 16.115162336207398, 46.658463426981832 ], [ 16.115162336207398, 46.658463160718831 ], [ 16.115163496337608, 46.658463160718831 ], [ 16.115163496337608, 46.65846289445583 ], [ 16.115164656467819, 46.65846289445583 ], [ 16.115164656467819, 46.658462628192829 ], [ 16.1151662033081, 46.658462628192829 ], [ 16.1151662033081, 46.658462361929828 ], [ 16.11516736343831, 46.658462361929828 ], [ 16.11516736343831, 46.658462095666827 ], [ 16.115168910278591, 46.658462095666827 ], [ 16.115168910278591, 46.658461829403826 ], [ 16.115170070408801, 46.658461829403826 ], [ 16.115170070408801, 46.658461563140825 ], [ 16.115171617249082, 46.658461563140825 ], [ 16.115171617249082, 46.658461296877825 ], [ 16.115172777379293, 46.658461296877825 ], [ 16.115172777379293, 46.658461030614824 ], [ 16.115173937509503, 46.658461030614824 ], [ 16.115173937509503, 46.658460764351823 ], [ 16.115175484349784, 46.658460764351823 ], [ 16.115175484349784, 46.658460498088822 ], [ 16.115176644479995, 46.658460498088822 ], [ 16.115176644479995, 46.658460231825821 ], [ 16.115178191320275, 46.658460231825821 ], [ 16.115178191320275, 46.65845996556282 ], [ 16.115179351450486, 46.65845996556282 ], [ 16.115179351450486, 46.658459699299819 ], [ 16.115180511580697, 46.658459699299819 ], [ 16.115180511580697, 46.658459433036818 ], [ 16.115182058420977, 46.658459433036818 ], [ 16.115182058420977, 46.658459166773817 ], [ 16.115183218551188, 46.658459166773817 ], [ 16.115183218551188, 46.658458900510816 ], [ 16.115184765391469, 46.658458900510816 ], [ 16.115184765391469, 46.658458634247815 ], [ 16.115185925521679, 46.658458634247815 ], [ 16.115185925521679, 46.658458367984814 ], [ 16.11518708565189, 46.658458367984814 ], [ 16.11518708565189, 46.658458101721813 ], [ 16.11518863249217, 46.658458101721813 ], [ 16.11518863249217, 46.658457835458812 ], [ 16.115189405912311, 46.658457835458812 ], [ 16.115189405912311, 46.658457569195811 ], [ 16.115189792622381, 46.658457569195811 ], [ 16.115189792622381, 46.658267191150109 ], [ 16.115189792622381, 46.658181188200793 ], [ 16.115189405912311, 46.658181188200793 ], [ 16.115189405912311, 46.658180921937792 ], [ 16.115189019202241, 46.658180921937792 ], [ 16.115189019202241, 46.65818038941179 ], [ 16.11518863249217, 46.65818038941179 ], [ 16.11518863249217, 46.658179590622787 ], [ 16.1151882457821, 46.658179590622787 ], [ 16.1151882457821, 46.658178791833784 ], [ 16.11518785907203, 46.658178791833784 ], [ 16.11518785907203, 46.658177460518779 ], [ 16.11518747236196, 46.658177460518779 ], [ 16.11518747236196, 46.658176927992777 ], [ 16.11518708565189, 46.658176927992777 ], [ 16.11518708565189, 46.658176129203774 ], [ 16.11518669894182, 46.658176129203774 ], [ 16.11518669894182, 46.658174265362767 ], [ 16.115186312231749, 46.658174265362767 ], [ 16.115186312231749, 46.658172667784761 ], [ 16.115185925521679, 46.658172667784761 ], [ 16.115185925521679, 46.658172135258759 ], [ 16.115185538811609, 46.658172135258759 ], [ 16.115185538811609, 46.658171868995758 ], [ 16.115185152101539, 46.658171868995758 ], [ 16.115185152101539, 46.658171336469756 ], [ 16.115185538811609, 46.658171336469756 ], [ 16.115185538811609, 46.658170271417752 ], [ 16.115185152101539, 46.658170271417752 ], [ 16.115185152101539, 46.658170005154751 ], [ 16.115184765391469, 46.658170005154751 ], [ 16.115184765391469, 46.65816973889175 ], [ 16.115184378681398, 46.65816973889175 ], [ 16.115184378681398, 46.658169472628749 ], [ 16.115184765391469, 46.658169472628749 ], [ 16.115184765391469, 46.658168141313745 ], [ 16.115184378681398, 46.658168141313745 ], [ 16.115184378681398, 46.658167342524742 ], [ 16.115183991971328, 46.658167342524742 ], [ 16.115183991971328, 46.658166277472738 ], [ 16.115183605261258, 46.658166277472738 ], [ 16.115183605261258, 46.658165478683735 ], [ 16.115183218551188, 46.658165478683735 ], [ 16.115183218551188, 46.658164413631731 ], [ 16.115182831841118, 46.658164413631731 ], [ 16.115182831841118, 46.658163348579727 ], [ 16.115182445131047, 46.658163348579727 ], [ 16.115182445131047, 46.658162283527723 ], [ 16.115182058420977, 46.658162283527723 ], [ 16.115182058420977, 46.658161218475719 ], [ 16.115181671710907, 46.658161218475719 ], [ 16.115181671710907, 46.658160153423715 ], [ 16.115181285000837, 46.658160153423715 ], [ 16.115181285000837, 46.658159354634712 ], [ 16.115180898290767, 46.658159354634712 ], [ 16.115180898290767, 46.658158555845709 ], [ 16.115180511580697, 46.658158555845709 ], [ 16.115180511580697, 46.658157490793705 ], [ 16.115180124870626, 46.658157490793705 ], [ 16.115180124870626, 46.6581561594787 ], [ 16.115179738160556, 46.6581561594787 ], [ 16.115179738160556, 46.658155360689697 ], [ 16.115179351450486, 46.658155360689697 ], [ 16.115179351450486, 46.658154561900695 ], [ 16.115178964740416, 46.658154561900695 ], [ 16.115178964740416, 46.658153763111692 ], [ 16.115178578030346, 46.658153763111692 ], [ 16.115178578030346, 46.658152698059688 ], [ 16.115178191320275, 46.658152698059688 ], [ 16.115178191320275, 46.658151633007684 ], [ 16.115177804610205, 46.658151633007684 ], [ 16.115177804610205, 46.658150301692679 ], [ 16.115177417900135, 46.658150301692679 ], [ 16.115177417900135, 46.658149236640675 ], [ 16.115177031190065, 46.658149236640675 ], [ 16.115177031190065, 46.658148970377674 ], [ 16.115176644479995, 46.658148970377674 ], [ 16.115176644479995, 46.658147639062669 ], [ 16.115176257769924, 46.658147639062669 ], [ 16.115176257769924, 46.658146840273666 ], [ 16.115175871059854, 46.658146840273666 ], [ 16.115175871059854, 46.658146307747664 ], [ 16.115175484349784, 46.658146307747664 ], [ 16.115175484349784, 46.658145508958661 ], [ 16.115175097639714, 46.658145508958661 ], [ 16.115175097639714, 46.658144710169658 ], [ 16.115174710929644, 46.658144710169658 ], [ 16.115174710929644, 46.658144177643656 ], [ 16.115174324219574, 46.658144177643656 ], [ 16.115174324219574, 46.658143112591652 ], [ 16.115173937509503, 46.658143112591652 ], [ 16.115173937509503, 46.658142313802649 ], [ 16.115173550799433, 46.658142313802649 ], [ 16.115173550799433, 46.658141515013646 ], [ 16.115173164089363, 46.658141515013646 ], [ 16.115173164089363, 46.658140982487645 ], [ 16.115172777379293, 46.658140982487645 ], [ 16.115172777379293, 46.658140183698642 ], [ 16.115172390669223, 46.658140183698642 ], [ 16.115172390669223, 46.658139384909639 ], [ 16.115172003959152, 46.658139384909639 ], [ 16.115172003959152, 46.658138852383637 ], [ 16.115171617249082, 46.658138852383637 ], [ 16.115171617249082, 46.658137787331633 ], [ 16.115171230539012, 46.658137787331633 ], [ 16.115171230539012, 46.65813698854263 ], [ 16.115170843828942, 46.65813698854263 ], [ 16.115170843828942, 46.658135923490626 ], [ 16.115170457118872, 46.658135923490626 ], [ 16.115170457118872, 46.658135390964624 ], [ 16.115170070408801, 46.658135390964624 ], [ 16.115170070408801, 46.658134592175621 ], [ 16.115169683698731, 46.658134592175621 ], [ 16.115169683698731, 46.658134059649619 ], [ 16.115169296988661, 46.658134059649619 ], [ 16.115169296988661, 46.658133527123617 ], [ 16.115168910278591, 46.658133527123617 ], [ 16.115168910278591, 46.658132994597615 ], [ 16.115168523568521, 46.658132994597615 ], [ 16.115168523568521, 46.658132728334614 ], [ 16.115168136858451, 46.658132728334614 ], [ 16.115168136858451, 46.658132195808612 ], [ 16.11516775014838, 46.658132195808612 ], [ 16.11516775014838, 46.658130864493607 ], [ 16.115168136858451, 46.658130864493607 ], [ 16.115168136858451, 46.658130598230606 ], [ 16.115168523568521, 46.658130598230606 ], [ 16.115168523568521, 46.658129799441603 ], [ 16.115168136858451, 46.658129799441603 ], [ 16.115168136858451, 46.6581290006526 ], [ 16.11516775014838, 46.6581290006526 ], [ 16.11516775014838, 46.658127935600596 ], [ 16.11516736343831, 46.658127935600596 ], [ 16.11516736343831, 46.658127136811594 ], [ 16.11516697672824, 46.658127136811594 ], [ 16.11516697672824, 46.658125805496589 ], [ 16.11516659001817, 46.658125805496589 ], [ 16.11516659001817, 46.658125006707586 ], [ 16.1151662033081, 46.658125006707586 ], [ 16.1151662033081, 46.658123941655582 ], [ 16.115165816598029, 46.658123941655582 ], [ 16.115165816598029, 46.658123142866579 ], [ 16.115165429887959, 46.658123142866579 ], [ 16.115165429887959, 46.658122344077576 ], [ 16.115165043177889, 46.658122344077576 ], [ 16.115165043177889, 46.658121545288573 ], [ 16.115164656467819, 46.658121545288573 ], [ 16.115164656467819, 46.658120480236569 ], [ 16.115164269757749, 46.658120480236569 ], [ 16.115164269757749, 46.658119415184565 ], [ 16.115163883047678, 46.658119415184565 ], [ 16.115163883047678, 46.658118616395562 ], [ 16.115163496337608, 46.658118616395562 ], [ 16.115163496337608, 46.658117285080557 ], [ 16.115163109627538, 46.658117285080557 ], [ 16.115163109627538, 46.658116486291554 ], [ 16.115162722917468, 46.658116486291554 ], [ 16.115162722917468, 46.658115687502551 ], [ 16.115162336207398, 46.658115687502551 ], [ 16.115162336207398, 46.658114356187546 ], [ 16.115161949497327, 46.658114356187546 ], [ 16.115161949497327, 46.658113291135543 ], [ 16.115161562787257, 46.658113291135543 ], [ 16.115161562787257, 46.658112226083539 ], [ 16.115161176077187, 46.658112226083539 ], [ 16.115161176077187, 46.658111427294536 ], [ 16.115160789367117, 46.658111427294536 ], [ 16.115160789367117, 46.658110628505533 ], [ 16.115160402657047, 46.658110628505533 ], [ 16.115160402657047, 46.658110095979531 ], [ 16.115160015946977, 46.658110095979531 ], [ 16.115160015946977, 46.658109030927527 ], [ 16.115159629236906, 46.658109030927527 ], [ 16.115159629236906, 46.658107699612522 ], [ 16.115159242526836, 46.658107699612522 ], [ 16.115159242526836, 46.658105835771515 ], [ 16.115158855816766, 46.658105835771515 ], [ 16.115158855816766, 46.658104238193509 ], [ 16.115158469106696, 46.658104238193509 ], [ 16.115158469106696, 46.658103439404506 ], [ 16.115158082396626, 46.658103439404506 ], [ 16.115158082396626, 46.6581018418265 ], [ 16.115157695686555, 46.6581018418265 ], [ 16.115157695686555, 46.658100776774496 ], [ 16.115157308976485, 46.658100776774496 ], [ 16.115157308976485, 46.658099977985493 ], [ 16.115156922266415, 46.658099977985493 ], [ 16.115156922266415, 46.658099179196491 ], [ 16.115156535556345, 46.658099179196491 ], [ 16.115156535556345, 46.658098114144487 ], [ 16.115156148846275, 46.658098114144487 ], [ 16.115156148846275, 46.658097581618485 ], [ 16.115155762136204, 46.658097581618485 ], [ 16.115155762136204, 46.658096782829482 ], [ 16.115155375426134, 46.658096782829482 ], [ 16.115155375426134, 46.658095717777478 ], [ 16.115154988716064, 46.658095717777478 ], [ 16.115154988716064, 46.658094918988475 ], [ 16.115154602005994, 46.658094918988475 ], [ 16.115154602005994, 46.658093853936471 ], [ 16.115154215295924, 46.658093853936471 ], [ 16.115154215295924, 46.658092788884467 ], [ 16.115153828585854, 46.658092788884467 ], [ 16.115153828585854, 46.658091990095464 ], [ 16.115153441875783, 46.658091990095464 ], [ 16.115153441875783, 46.658091191306461 ], [ 16.115153055165713, 46.658091191306461 ], [ 16.115153055165713, 46.658090392517458 ], [ 16.115152668455643, 46.658090392517458 ], [ 16.115152668455643, 46.658089327465454 ], [ 16.115152281745573, 46.658089327465454 ], [ 16.115152281745573, 46.658088528676451 ], [ 16.115151895035503, 46.658088528676451 ], [ 16.115151895035503, 46.658087729887448 ], [ 16.115151508325432, 46.658087729887448 ], [ 16.115151508325432, 46.658086931098445 ], [ 16.115151121615362, 46.658086931098445 ], [ 16.115151121615362, 46.658085866046441 ], [ 16.115150734905292, 46.658085866046441 ], [ 16.115150734905292, 46.658084534731437 ], [ 16.115150348195222, 46.658084534731437 ], [ 16.115150348195222, 46.658083735942434 ], [ 16.115149961485152, 46.658083735942434 ], [ 16.115149961485152, 46.658082937153431 ], [ 16.115149574775081, 46.658082937153431 ], [ 16.115149574775081, 46.658082138364428 ], [ 16.115149188065011, 46.658082138364428 ], [ 16.115149188065011, 46.658081605838426 ], [ 16.115148801354941, 46.658081605838426 ], [ 16.115148801354941, 46.658080807049423 ], [ 16.115148414644871, 46.658080807049423 ], [ 16.115148414644871, 46.658080274523421 ], [ 16.115148027934801, 46.658080274523421 ], [ 16.115148027934801, 46.658079209471417 ], [ 16.115147641224731, 46.658079209471417 ], [ 16.115147641224731, 46.658078676945415 ], [ 16.11514725451466, 46.658078676945415 ], [ 16.11514725451466, 46.658077878156412 ], [ 16.11514686780459, 46.658077878156412 ], [ 16.11514686780459, 46.658077079367409 ], [ 16.11514648109452, 46.658077079367409 ], [ 16.11514648109452, 46.658076280578406 ], [ 16.11514609438445, 46.658076280578406 ], [ 16.11514609438445, 46.658075481789403 ], [ 16.11514570767438, 46.658075481789403 ], [ 16.11514570767438, 46.658074416737399 ], [ 16.115145320964309, 46.658074416737399 ], [ 16.115145320964309, 46.658073617948396 ], [ 16.115144934254239, 46.658073617948396 ], [ 16.115144934254239, 46.658072552896392 ], [ 16.115144547544169, 46.658072552896392 ], [ 16.115144547544169, 46.658071754107389 ], [ 16.115144160834099, 46.658071754107389 ], [ 16.115144160834099, 46.658071221581388 ], [ 16.115143774124029, 46.658071221581388 ], [ 16.115143774124029, 46.658070689055386 ], [ 16.115143387413958, 46.658070689055386 ], [ 16.115143387413958, 46.658070156529384 ], [ 16.115143000703888, 46.658070156529384 ], [ 16.115143000703888, 46.658069890266383 ], [ 16.115142613993818, 46.658069890266383 ], [ 16.115142613993818, 46.658069624003382 ], [ 16.115142227283748, 46.658069624003382 ], [ 16.115142227283748, 46.658069890266383 ], [ 16.115140680443467, 46.658069890266383 ], [ 16.115140680443467, 46.658064565006363 ], [ 16.115140293733397, 46.658064565006363 ], [ 16.115140293733397, 46.658064298743362 ], [ 16.115139907023327, 46.658064298743362 ], [ 16.115139907023327, 46.658064032480361 ], [ 16.115139520313257, 46.658064032480361 ], [ 16.115139520313257, 46.65806376621736 ], [ 16.115139133603186, 46.65806376621736 ], [ 16.115139133603186, 46.658063499954359 ], [ 16.115138746893116, 46.658063499954359 ], [ 16.115138746893116, 46.658062967428357 ], [ 16.115138360183046, 46.658062967428357 ], [ 16.115138360183046, 46.658062701165356 ], [ 16.115061791589149, 46.658062701165356 ], [ 16.115061791589149, 46.658062967428357 ], [ 16.115061404879079, 46.658062967428357 ], [ 16.115061404879079, 46.658063233691358 ], [ 16.115061791589149, 46.658063233691358 ], [ 16.115061791589149, 46.658067493899374 ], [ 16.115062178299219, 46.658067493899374 ], [ 16.115062178299219, 46.658067760162375 ], [ 16.1150637251395, 46.658067760162375 ], [ 16.1150637251395, 46.658068026425376 ], [ 16.11506411184957, 46.658068026425376 ], [ 16.11506411184957, 46.658068292688377 ], [ 16.11506449855964, 46.658068292688377 ], [ 16.11506449855964, 46.658068825214379 ], [ 16.11506488526971, 46.658068825214379 ], [ 16.11506488526971, 46.65806909147738 ], [ 16.11506527197978, 46.65806909147738 ], [ 16.11506527197978, 46.658069357740381 ], [ 16.115065658689851, 46.658069357740381 ], [ 16.115065658689851, 46.658069890266383 ], [ 16.115066045399921, 46.658069890266383 ], [ 16.115066045399921, 46.658070422792385 ], [ 16.115066432109991, 46.658070422792385 ], [ 16.115066432109991, 46.658070955318387 ], [ 16.115066818820061, 46.658070955318387 ], [ 16.115066818820061, 46.658071754107389 ], [ 16.115067205530131, 46.658071754107389 ], [ 16.115067205530131, 46.658072286633391 ], [ 16.115067592240202, 46.658072286633391 ], [ 16.115067592240202, 46.658073085422394 ], [ 16.115067978950272, 46.658073085422394 ], [ 16.115067978950272, 46.658073617948396 ], [ 16.115068365660342, 46.658073617948396 ], [ 16.115068365660342, 46.658074949263401 ], [ 16.115068752370412, 46.658074949263401 ], [ 16.115068752370412, 46.658076280578406 ], [ 16.115069139080482, 46.658076280578406 ], [ 16.115069139080482, 46.65807734563041 ], [ 16.115069525790553, 46.65807734563041 ], [ 16.115069525790553, 46.658077878156412 ], [ 16.115069912500623, 46.658077878156412 ], [ 16.115069912500623, 46.658078676945415 ], [ 16.115070299210693, 46.658078676945415 ], [ 16.115070299210693, 46.658079741997419 ], [ 16.115070685920763, 46.658079741997419 ], [ 16.115070685920763, 46.658081073312424 ], [ 16.115071072630833, 46.658081073312424 ], [ 16.115071072630833, 46.658081339575425 ], [ 16.115071459340903, 46.658081339575425 ], [ 16.115071459340903, 46.658082138364428 ], [ 16.115071846050974, 46.658082138364428 ], [ 16.115071846050974, 46.658082937153431 ], [ 16.115072232761044, 46.658082937153431 ], [ 16.115072232761044, 46.658083735942434 ], [ 16.115072619471114, 46.658083735942434 ], [ 16.115072619471114, 46.658084268468436 ], [ 16.115073006181184, 46.658084268468436 ], [ 16.115073006181184, 46.658085067257439 ], [ 16.115073392891254, 46.658085067257439 ], [ 16.115073392891254, 46.658085866046441 ], [ 16.115073779601325, 46.658085866046441 ], [ 16.115073779601325, 46.658086664835444 ], [ 16.115074166311395, 46.658086664835444 ], [ 16.115074166311395, 46.658087729887448 ], [ 16.115074553021465, 46.658087729887448 ], [ 16.115074553021465, 46.65808826241345 ], [ 16.115074939731535, 46.65808826241345 ], [ 16.115074939731535, 46.658089061202453 ], [ 16.115075326441605, 46.658089061202453 ], [ 16.115075326441605, 46.658090126254457 ], [ 16.115075713151676, 46.658090126254457 ], [ 16.115075713151676, 46.65809092504346 ], [ 16.115076099861746, 46.65809092504346 ], [ 16.115076099861746, 46.658091990095464 ], [ 16.115076486571816, 46.658091990095464 ], [ 16.115076486571816, 46.658092788884467 ], [ 16.115076873281886, 46.658092788884467 ], [ 16.115076873281886, 46.65809358767347 ], [ 16.115077259991956, 46.65809358767347 ], [ 16.115077259991956, 46.658094386462473 ], [ 16.115077646702026, 46.658094386462473 ], [ 16.115077646702026, 46.658094918988475 ], [ 16.115078033412097, 46.658094918988475 ], [ 16.115078033412097, 46.658095451514477 ], [ 16.115078420122167, 46.658095451514477 ], [ 16.115078420122167, 46.65809625030348 ], [ 16.115078806832237, 46.65809625030348 ], [ 16.115078806832237, 46.658097049092483 ], [ 16.115079193542307, 46.658097049092483 ], [ 16.115079193542307, 46.658097847881486 ], [ 16.115079580252377, 46.658097847881486 ], [ 16.115079580252377, 46.658098646670489 ], [ 16.115079966962448, 46.658098646670489 ], [ 16.115079966962448, 46.658099711722492 ], [ 16.115080353672518, 46.658099711722492 ], [ 16.115080353672518, 46.658100510511495 ], [ 16.115080740382588, 46.658100510511495 ], [ 16.115080740382588, 46.658101043037497 ], [ 16.115081127092658, 46.658101043037497 ], [ 16.115081127092658, 46.6581018418265 ], [ 16.115081513802728, 46.6581018418265 ], [ 16.115081513802728, 46.658103173141505 ], [ 16.115081900512799, 46.658103173141505 ], [ 16.115081900512799, 46.658104238193509 ], [ 16.115082287222869, 46.658104238193509 ], [ 16.115082287222869, 46.658105569508514 ], [ 16.115082673932939, 46.658105569508514 ], [ 16.115082673932939, 46.658106634560518 ], [ 16.115083060643009, 46.658106634560518 ], [ 16.115083060643009, 46.658107433349521 ], [ 16.115083447353079, 46.658107433349521 ], [ 16.115083447353079, 46.658108232138524 ], [ 16.115083834063149, 46.658108232138524 ], [ 16.115083834063149, 46.658108764664526 ], [ 16.11508422077322, 46.658108764664526 ], [ 16.11508422077322, 46.658109297190528 ], [ 16.11508460748329, 46.658109297190528 ], [ 16.11508460748329, 46.658110095979531 ], [ 16.11508499419336, 46.658110095979531 ], [ 16.11508499419336, 46.658110894768534 ], [ 16.11508538090343, 46.658110894768534 ], [ 16.11508538090343, 46.658111693557537 ], [ 16.1150857676135, 46.658111693557537 ], [ 16.1150857676135, 46.658112758609541 ], [ 16.115086154323571, 46.658112758609541 ], [ 16.115086154323571, 46.658114089924545 ], [ 16.115086541033641, 46.658114089924545 ], [ 16.115086541033641, 46.658114888713548 ], [ 16.115086927743711, 46.658114888713548 ], [ 16.115086927743711, 46.65811542123955 ], [ 16.115087314453781, 46.65811542123955 ], [ 16.115087314453781, 46.658115953765552 ], [ 16.115087701163851, 46.658115953765552 ], [ 16.115087701163851, 46.658117018817556 ], [ 16.115088087873922, 46.658117018817556 ], [ 16.115088087873922, 46.658118350132561 ], [ 16.115088474583992, 46.658118350132561 ], [ 16.115088474583992, 46.658119415184565 ], [ 16.115088861294062, 46.658119415184565 ], [ 16.115088861294062, 46.658120213973568 ], [ 16.115089248004132, 46.658120213973568 ], [ 16.115089248004132, 46.658121279025572 ], [ 16.115089634714202, 46.658121279025572 ], [ 16.115089634714202, 46.658122344077576 ], [ 16.115090021424272, 46.658122344077576 ], [ 16.115090021424272, 46.658122876603578 ], [ 16.115089634714202, 46.658122876603578 ], [ 16.115089634714202, 46.658123142866579 ], [ 16.115090021424272, 46.658123142866579 ], [ 16.115090021424272, 46.658123675392581 ], [ 16.115090408134343, 46.658123675392581 ], [ 16.115090408134343, 46.658124474181584 ], [ 16.115090794844413, 46.658124474181584 ], [ 16.115090794844413, 46.658130864493607 ], [ 16.115090408134343, 46.658130864493607 ], [ 16.115090408134343, 46.658131130756608 ], [ 16.115090794844413, 46.658131130756608 ], [ 16.115090794844413, 46.65813166328261 ], [ 16.115090408134343, 46.65813166328261 ], [ 16.115090408134343, 46.658131929545611 ], [ 16.115090021424272, 46.658131929545611 ], [ 16.115090021424272, 46.65813166328261 ], [ 16.115089634714202, 46.65813166328261 ], [ 16.115089634714202, 46.658131397019609 ], [ 16.115089248004132, 46.658131397019609 ], [ 16.115089248004132, 46.658131130756608 ], [ 16.115088861294062, 46.658131130756608 ], [ 16.115088861294062, 46.658130864493607 ], [ 16.115057537778377, 46.658130864493607 ], [ 16.114991797066445, 46.658130864493607 ], [ 16.114991797066445, 46.658130598230606 ], [ 16.114991410356375, 46.658130598230606 ], [ 16.114991410356375, 46.658130864493607 ], [ 16.114893185998547, 46.658130864493607 ], [ 16.114893185998547, 46.658131130756608 ], [ 16.114892799288477, 46.658131130756608 ], [ 16.114892799288477, 46.658150834218681 ], [ 16.114893185998547, 46.658150834218681 ], [ 16.114893185998547, 46.658151100481682 ], [ 16.114894346128757, 46.658151100481682 ], [ 16.114894346128757, 46.658150834218681 ], [ 16.114894732838827, 46.658150834218681 ], [ 16.114894732838827, 46.65815056795568 ], [ 16.114895119548898, 46.65815056795568 ], [ 16.114895119548898, 46.658150301692679 ], [ 16.114895506258968, 46.658150301692679 ], [ 16.114895506258968, 46.658150035429678 ], [ 16.114896279679108, 46.658150035429678 ], [ 16.114896279679108, 46.658149769166677 ], [ 16.114896666389178, 46.658149769166677 ], [ 16.114896666389178, 46.658149502903676 ], [ 16.114897053099249, 46.658149502903676 ], [ 16.114897053099249, 46.658149236640675 ], [ 16.114897826519389, 46.658149236640675 ], [ 16.114897826519389, 46.658148970377674 ], [ 16.114898213229459, 46.658148970377674 ], [ 16.114898213229459, 46.658148704114673 ], [ 16.11489937335967, 46.658148704114673 ], [ 16.11489937335967, 46.658148970377674 ], [ 16.11489976006974, 46.658148970377674 ], [ 16.11489976006974, 46.658150035429678 ], [ 16.11490014677981, 46.658150035429678 ], [ 16.11490014677981, 46.658151100481682 ], [ 16.11489976006974, 46.658151100481682 ], [ 16.11489976006974, 46.658152431796687 ], [ 16.11489937335967, 46.658152431796687 ], [ 16.11489937335967, 46.658156425741701 ], [ 16.11489976006974, 46.658156425741701 ], [ 16.11489976006974, 46.658158023319707 ], [ 16.11490014677981, 46.658158023319707 ], [ 16.11490014677981, 46.658159620897713 ], [ 16.11489976006974, 46.658159620897713 ], [ 16.11489976006974, 46.658159887160714 ], [ 16.114896666389178, 46.658159887160714 ], [ 16.114896666389178, 46.658159620897713 ], [ 16.114896279679108, 46.658159620897713 ], [ 16.114896279679108, 46.658159354634712 ], [ 16.114895506258968, 46.658159354634712 ], [ 16.114895506258968, 46.658159088371711 ], [ 16.114895119548898, 46.658159088371711 ], [ 16.114895119548898, 46.65815882210871 ], [ 16.114894732838827, 46.65815882210871 ], [ 16.114894732838827, 46.658158555845709 ], [ 16.114894346128757, 46.658158555845709 ], [ 16.114894346128757, 46.658158289582708 ], [ 16.114893185998547, 46.658158289582708 ], [ 16.114893185998547, 46.658158555845709 ], [ 16.114892799288477, 46.658158555845709 ], [ 16.114892799288477, 46.658202755503872 ], [ 16.114893185998547, 46.658202755503872 ], [ 16.114893185998547, 46.658203021766873 ], [ 16.114894346128757, 46.658203021766873 ], [ 16.114894346128757, 46.658202755503872 ], [ 16.114894732838827, 46.658202755503872 ], [ 16.114894732838827, 46.658202489240871 ], [ 16.114895119548898, 46.658202489240871 ], [ 16.114895119548898, 46.65820222297787 ], [ 16.114895506258968, 46.65820222297787 ], [ 16.114895506258968, 46.658201690451868 ], [ 16.114895892969038, 46.658201690451868 ], [ 16.114895892969038, 46.658201424188867 ], [ 16.114896279679108, 46.658201424188867 ], [ 16.114896279679108, 46.658200891662865 ], [ 16.114896666389178, 46.658200891662865 ], [ 16.114896666389178, 46.658199826610861 ], [ 16.114897053099249, 46.658199826610861 ], [ 16.114897053099249, 46.658198761558857 ], [ 16.114897439809319, 46.658198761558857 ], [ 16.114897439809319, 46.658198229032855 ], [ 16.114897826519389, 46.658198229032855 ], [ 16.114897826519389, 46.658197962769854 ], [ 16.114898213229459, 46.658197962769854 ], [ 16.114898213229459, 46.658197696506853 ], [ 16.114898599939529, 46.658197696506853 ], [ 16.114898599939529, 46.658197430243852 ], [ 16.11489976006974, 46.658197430243852 ], [ 16.11489976006974, 46.658197696506853 ], [ 16.11490092019995, 46.658197696506853 ], [ 16.11490092019995, 46.658197962769854 ], [ 16.114901693620091, 46.658197962769854 ], [ 16.114901693620091, 46.658198229032855 ], [ 16.114902467040231, 46.658198229032855 ], [ 16.114902467040231, 46.658198495295856 ], [ 16.114902853750301, 46.658198495295856 ], [ 16.114902853750301, 46.658198761558857 ], [ 16.114903240460372, 46.658198761558857 ], [ 16.114903240460372, 46.658199294084859 ], [ 16.114903627170442, 46.658199294084859 ], [ 16.114903627170442, 46.658200092873862 ], [ 16.114904013880512, 46.658200092873862 ], [ 16.114904013880512, 46.658202489240871 ], [ 16.114904400590582, 46.658202489240871 ], [ 16.114904400590582, 46.658204086818877 ], [ 16.114904013880512, 46.658204086818877 ], [ 16.114904013880512, 46.65820488560788 ], [ 16.114903627170442, 46.65820488560788 ], [ 16.114903627170442, 46.658206749448887 ], [ 16.114903240460372, 46.658206749448887 ], [ 16.114903240460372, 46.658208347026893 ], [ 16.114902853750301, 46.658208347026893 ], [ 16.114902853750301, 46.658208879552895 ], [ 16.114902467040231, 46.658208879552895 ], [ 16.114902467040231, 46.658209145815896 ], [ 16.114902080330161, 46.658209145815896 ], [ 16.114902080330161, 46.658209678341898 ], [ 16.114901693620091, 46.658209678341898 ], [ 16.114901693620091, 46.658209944604899 ], [ 16.114901306910021, 46.658209944604899 ], [ 16.114901306910021, 46.658212340971907 ], [ 16.11490092019995, 46.658212340971907 ], [ 16.11490092019995, 46.658212607234908 ], [ 16.11490053348988, 46.658212607234908 ], [ 16.11490053348988, 46.658212873497909 ], [ 16.114897826519389, 46.658212873497909 ], [ 16.114897826519389, 46.65821313976091 ], [ 16.114897439809319, 46.65821313976091 ], [ 16.114897439809319, 46.658213406023911 ], [ 16.114896666389178, 46.658213406023911 ], [ 16.114896666389178, 46.658213672286912 ], [ 16.114895892969038, 46.658213672286912 ], [ 16.114895892969038, 46.658213938549913 ], [ 16.114895119548898, 46.658213938549913 ], [ 16.114895119548898, 46.658213672286912 ], [ 16.114894732838827, 46.658213672286912 ], [ 16.114894732838827, 46.658212873497909 ], [ 16.114894346128757, 46.658212873497909 ], [ 16.114894346128757, 46.658212607234908 ], [ 16.114893959418687, 46.658212607234908 ], [ 16.114893959418687, 46.658212340971907 ], [ 16.114893185998547, 46.658212340971907 ], [ 16.114893185998547, 46.658212607234908 ], [ 16.114892799288477, 46.658212607234908 ], [ 16.114892799288477, 46.65824296121702 ], [ 16.114893185998547, 46.65824296121702 ], [ 16.114893185998547, 46.658243227480021 ], [ 16.114894732838827, 46.658243227480021 ], [ 16.114894732838827, 46.65824296121702 ], [ 16.114895506258968, 46.65824296121702 ], [ 16.114895506258968, 46.658243227480021 ], [ 16.114895892969038, 46.658243227480021 ], [ 16.114895892969038, 46.658243493743022 ], [ 16.114896279679108, 46.658243493743022 ], [ 16.114896279679108, 46.658244292532025 ], [ 16.114896666389178, 46.658244292532025 ], [ 16.114896666389178, 46.658245357584029 ], [ 16.114896279679108, 46.658245357584029 ], [ 16.114896279679108, 46.65824562384703 ], [ 16.114895506258968, 46.65824562384703 ], [ 16.114895506258968, 46.658245357584029 ], [ 16.114895119548898, 46.658245357584029 ], [ 16.114895119548898, 46.658245091321028 ], [ 16.114894732838827, 46.658245091321028 ], [ 16.114894732838827, 46.658244825058027 ], [ 16.114894346128757, 46.658244825058027 ], [ 16.114894346128757, 46.658244558795026 ], [ 16.114893185998547, 46.658244558795026 ], [ 16.114893185998547, 46.658244825058027 ], [ 16.114892799288477, 46.658244825058027 ], [ 16.114892799288477, 46.658261333364088 ], [ 16.114893185998547, 46.658261333364088 ], [ 16.114893185998547, 46.658261599627089 ], [ 16.114893959418687, 46.658261599627089 ], [ 16.114893959418687, 46.658261333364088 ], [ 16.114894346128757, 46.658261333364088 ], [ 16.114894346128757, 46.658260002049083 ], [ 16.114894732838827, 46.658260002049083 ], [ 16.114894732838827, 46.658258138208076 ], [ 16.114895119548898, 46.658258138208076 ], [ 16.114895119548898, 46.658257871945075 ], [ 16.114896666389178, 46.658257871945075 ], [ 16.114896666389178, 46.658258138208076 ], [ 16.114897053099249, 46.658258138208076 ], [ 16.114897053099249, 46.65825920326008 ], [ 16.114897439809319, 46.65825920326008 ], [ 16.114897439809319, 46.658259469523081 ], [ 16.114897826519389, 46.658259469523081 ], [ 16.114897826519389, 46.658259735786082 ], [ 16.114898599939529, 46.658259735786082 ], [ 16.114898599939529, 46.658260002049083 ], [ 16.1148989866496, 46.658260002049083 ], [ 16.1148989866496, 46.658260268312084 ], [ 16.11489937335967, 46.658260268312084 ], [ 16.11489937335967, 46.658260800838086 ], [ 16.11489976006974, 46.658260800838086 ], [ 16.11489976006974, 46.658261067101087 ], [ 16.11490014677981, 46.658261067101087 ], [ 16.11490014677981, 46.658261333364088 ], [ 16.11490053348988, 46.658261333364088 ], [ 16.11490053348988, 46.658261599627089 ], [ 16.114901306910021, 46.658261599627089 ], [ 16.114901306910021, 46.65826186589009 ], [ 16.114901693620091, 46.65826186589009 ], [ 16.114901693620091, 46.658262132153091 ], [ 16.114902467040231, 46.658262132153091 ], [ 16.114902467040231, 46.658262398416092 ], [ 16.114902853750301, 46.658262398416092 ], [ 16.114902853750301, 46.658262664679093 ], [ 16.114903240460372, 46.658262664679093 ], [ 16.114903240460372, 46.658262930942094 ], [ 16.114903627170442, 46.658262930942094 ], [ 16.114903627170442, 46.658263463468096 ], [ 16.114904013880512, 46.658263463468096 ], [ 16.114904013880512, 46.658263995994098 ], [ 16.114904400590582, 46.658263995994098 ], [ 16.114904400590582, 46.6582645285201 ], [ 16.114904787300652, 46.6582645285201 ], [ 16.114904787300652, 46.658264794783101 ], [ 16.114905560720793, 46.658264794783101 ], [ 16.114905560720793, 46.658265061046102 ], [ 16.114906334140933, 46.658265061046102 ], [ 16.114906334140933, 46.658265327309103 ], [ 16.114907494271144, 46.658265327309103 ], [ 16.114907494271144, 46.658265593572104 ], [ 16.114908267691284, 46.658265593572104 ], [ 16.114908267691284, 46.658265859835105 ], [ 16.114912521502056, 46.658265859835105 ], [ 16.114912521502056, 46.658265593572104 ], [ 16.114912908212126, 46.658265593572104 ], [ 16.114912908212126, 46.658265061046102 ], [ 16.114913294922196, 46.658265061046102 ], [ 16.114913294922196, 46.6582645285201 ], [ 16.114913681632267, 46.6582645285201 ], [ 16.114913681632267, 46.658264262257099 ], [ 16.114914068342337, 46.658264262257099 ], [ 16.114914068342337, 46.658263995994098 ], [ 16.114915228472547, 46.658263995994098 ], [ 16.114915228472547, 46.658263729731097 ], [ 16.114915615182618, 46.658263729731097 ], [ 16.114915615182618, 46.65826186589009 ], [ 16.114916001892688, 46.65826186589009 ], [ 16.114916001892688, 46.658257871945075 ], [ 16.114916388602758, 46.658257871945075 ], [ 16.114916388602758, 46.658257339419073 ], [ 16.114916775312828, 46.658257339419073 ], [ 16.114916775312828, 46.658257073156072 ], [ 16.114917162022898, 46.658257073156072 ], [ 16.114917162022898, 46.658256806893071 ], [ 16.114917548732969, 46.658256806893071 ], [ 16.114917548732969, 46.65825654063007 ], [ 16.114918708863179, 46.65825654063007 ], [ 16.114918708863179, 46.658256274367069 ], [ 16.114919482283319, 46.658256274367069 ], [ 16.114919482283319, 46.658256008104068 ], [ 16.11491986899339, 46.658256008104068 ], [ 16.11491986899339, 46.658255741841067 ], [ 16.11492025570346, 46.658255741841067 ], [ 16.11492025570346, 46.658255475578066 ], [ 16.11492064241353, 46.658255475578066 ], [ 16.11492064241353, 46.658254144263061 ], [ 16.11492025570346, 46.658254144263061 ], [ 16.11492025570346, 46.658253345474058 ], [ 16.11492064241353, 46.658253345474058 ], [ 16.11492064241353, 46.658252546685056 ], [ 16.1149210291236, 46.658252546685056 ], [ 16.1149210291236, 46.658252014159054 ], [ 16.11492141583367, 46.658252014159054 ], [ 16.11492141583367, 46.658251215370051 ], [ 16.114921802543741, 46.658251215370051 ], [ 16.114921802543741, 46.658250416581048 ], [ 16.114922189253811, 46.658250416581048 ], [ 16.114922189253811, 46.658249085266043 ], [ 16.114922575963881, 46.658249085266043 ], [ 16.114922575963881, 46.658248819003042 ], [ 16.114923349384021, 46.658248819003042 ], [ 16.114923349384021, 46.658249085266043 ], [ 16.114924122804162, 46.658249085266043 ], [ 16.114924122804162, 46.658249351529044 ], [ 16.114924509514232, 46.658249351529044 ], [ 16.114924509514232, 46.658249617792045 ], [ 16.114924896224302, 46.658249617792045 ], [ 16.114924896224302, 46.658250150318047 ], [ 16.114925282934372, 46.658250150318047 ], [ 16.114925282934372, 46.658251215370051 ], [ 16.114925669644443, 46.658251215370051 ], [ 16.114925669644443, 46.658252014159054 ], [ 16.114926056354513, 46.658252014159054 ], [ 16.114926056354513, 46.658252546685056 ], [ 16.114926443064583, 46.658252546685056 ], [ 16.114926443064583, 46.658253079211057 ], [ 16.114926829774653, 46.658253079211057 ], [ 16.114926829774653, 46.658253345474058 ], [ 16.114927216484723, 46.658253345474058 ], [ 16.114927216484723, 46.658255209315065 ], [ 16.114926829774653, 46.658255209315065 ], [ 16.114926829774653, 46.658257339419073 ], [ 16.114927216484723, 46.658257339419073 ], [ 16.114927216484723, 46.658257605682074 ], [ 16.114929150035074, 46.658257605682074 ], [ 16.114929150035074, 46.658257339419073 ], [ 16.114931857005566, 46.658257339419073 ], [ 16.114931857005566, 46.658257073156072 ], [ 16.114933403845846, 46.658257073156072 ], [ 16.114933403845846, 46.658256806893071 ], [ 16.114933790555916, 46.658256806893071 ], [ 16.114933790555916, 46.65825654063007 ], [ 16.114934177265987, 46.65825654063007 ], [ 16.114934177265987, 46.658256008104068 ], [ 16.114934563976057, 46.658256008104068 ], [ 16.114934563976057, 46.658255741841067 ], [ 16.114935724106267, 46.658255741841067 ], [ 16.114935724106267, 46.658255475578066 ], [ 16.114936110816338, 46.658255475578066 ], [ 16.114936110816338, 46.658255209315065 ], [ 16.114936497526408, 46.658255209315065 ], [ 16.114936497526408, 46.658254410526062 ], [ 16.114936884236478, 46.658254410526062 ], [ 16.114936884236478, 46.65825387800006 ], [ 16.114937270946548, 46.65825387800006 ], [ 16.114937270946548, 46.658253611737059 ], [ 16.114938431076759, 46.658253611737059 ], [ 16.114938431076759, 46.65825387800006 ], [ 16.114938817786829, 46.65825387800006 ], [ 16.114938817786829, 46.658254144263061 ], [ 16.114939204496899, 46.658254144263061 ], [ 16.114939204496899, 46.658254676789063 ], [ 16.114939591206969, 46.658254676789063 ], [ 16.114939591206969, 46.658254943052064 ], [ 16.114939977917039, 46.658254943052064 ], [ 16.114939977917039, 46.658255209315065 ], [ 16.11494036462711, 46.658255209315065 ], [ 16.11494036462711, 46.658255475578066 ], [ 16.11494075133718, 46.658255475578066 ], [ 16.11494075133718, 46.658256008104068 ], [ 16.11494113804725, 46.658256008104068 ], [ 16.11494113804725, 46.65825654063007 ], [ 16.11494152475732, 46.65825654063007 ], [ 16.11494152475732, 46.658257073156072 ], [ 16.11494191146739, 46.658257073156072 ], [ 16.11494191146739, 46.658257605682074 ], [ 16.114942298177461, 46.658257605682074 ], [ 16.114942298177461, 46.658258138208076 ], [ 16.114942684887531, 46.658258138208076 ], [ 16.114942684887531, 46.658258670734078 ], [ 16.114943071597601, 46.658258670734078 ], [ 16.114943071597601, 46.658259469523081 ], [ 16.114943458307671, 46.658259469523081 ], [ 16.114943458307671, 46.658260268312084 ], [ 16.114943845017741, 46.658260268312084 ], [ 16.114943845017741, 46.658261067101087 ], [ 16.114944231727812, 46.658261067101087 ], [ 16.114944231727812, 46.65826186589009 ], [ 16.114944618437882, 46.65826186589009 ], [ 16.114944618437882, 46.658262132153091 ], [ 16.114945391858022, 46.658262132153091 ], [ 16.114945391858022, 46.658262398416092 ], [ 16.114946165278162, 46.658262398416092 ], [ 16.114946165278162, 46.658262664679093 ], [ 16.114946551988233, 46.658262664679093 ], [ 16.114946551988233, 46.658263197205095 ], [ 16.114946938698303, 46.658263197205095 ], [ 16.114946938698303, 46.658263463468096 ], [ 16.114947325408373, 46.658263463468096 ], [ 16.114947325408373, 46.658263729731097 ], [ 16.114947712118443, 46.658263729731097 ], [ 16.114947712118443, 46.658263995994098 ], [ 16.114948098828513, 46.658263995994098 ], [ 16.114948098828513, 46.658264262257099 ], [ 16.114948485538584, 46.658264262257099 ], [ 16.114948485538584, 46.6582645285201 ], [ 16.114948872248654, 46.6582645285201 ], [ 16.114948872248654, 46.658264794783101 ], [ 16.114949258958724, 46.658264794783101 ], [ 16.114949258958724, 46.658266924887108 ], [ 16.114948872248654, 46.658266924887108 ], [ 16.114948872248654, 46.658267191150109 ], [ 16.114813523724088, 46.658267191150109 ], [ 16.114813523724088, 46.65826745741311 ], [ 16.114813137014018, 46.65826745741311 ], [ 16.114813137014018, 46.658267723676111 ], [ 16.114812750303948, 46.658267723676111 ], [ 16.114812750303948, 46.658267989939112 ], [ 16.114810043333456, 46.658267989939112 ], [ 16.114810043333456, 46.658267723676111 ], [ 16.114809656623386, 46.658267723676111 ], [ 16.114809656623386, 46.65826745741311 ], [ 16.114809269913316, 46.65826745741311 ], [ 16.114809269913316, 46.658267191150109 ], [ 16.114794188220579, 46.658267191150109 ], [ 16.114794188220579, 46.658266924887108 ], [ 16.114793801510508, 46.658266924887108 ] ], [ [ 16.114751263402788, 46.658266924887108 ], [ 16.114751263402788, 46.658266658624107 ], [ 16.114750876692717, 46.658266658624107 ], [ 16.114750876692717, 46.658266126098106 ], [ 16.114750489982647, 46.658266126098106 ], [ 16.114750489982647, 46.658265593572104 ], [ 16.114750103272577, 46.658265593572104 ], [ 16.114750103272577, 46.658265061046102 ], [ 16.114749716562507, 46.658265061046102 ], [ 16.114749716562507, 46.658264794783101 ], [ 16.114750103272577, 46.658264794783101 ], [ 16.114750103272577, 46.658262664679093 ], [ 16.114749716562507, 46.658262664679093 ], [ 16.114749716562507, 46.658262132153091 ], [ 16.114750103272577, 46.658262132153091 ], [ 16.114750103272577, 46.658260534575085 ], [ 16.114749716562507, 46.658260534575085 ], [ 16.114749716562507, 46.658258404471077 ], [ 16.114749329852437, 46.658258404471077 ], [ 16.114749329852437, 46.658257605682074 ], [ 16.114748943142366, 46.658257605682074 ], [ 16.114748943142366, 46.658256806893071 ], [ 16.114748556432296, 46.658256806893071 ], [ 16.114748556432296, 46.658256274367069 ], [ 16.114748169722226, 46.658256274367069 ], [ 16.114748169722226, 46.658255475578066 ], [ 16.114747783012156, 46.658255475578066 ], [ 16.114747783012156, 46.658254676789063 ], [ 16.114747396302086, 46.658254676789063 ], [ 16.114747396302086, 46.658253611737059 ], [ 16.114747009592016, 46.658253611737059 ], [ 16.114747009592016, 46.658252812948056 ], [ 16.114746622881945, 46.658252812948056 ], [ 16.114746622881945, 46.658252280422055 ], [ 16.114746236171875, 46.658252280422055 ], [ 16.114746236171875, 46.658251481633052 ], [ 16.114745849461805, 46.658251481633052 ], [ 16.114745849461805, 46.65825094910705 ], [ 16.114745462751735, 46.65825094910705 ], [ 16.114745462751735, 46.658250416581048 ], [ 16.114745076041665, 46.658250416581048 ], [ 16.114745076041665, 46.658249884055046 ], [ 16.114744689331594, 46.658249884055046 ], [ 16.114744689331594, 46.65824828647704 ], [ 16.114744302621524, 46.65824828647704 ], [ 16.114744302621524, 46.658247221425036 ], [ 16.114743915911454, 46.658247221425036 ], [ 16.114743915911454, 46.658246422636033 ], [ 16.114743529201384, 46.658246422636033 ], [ 16.114743529201384, 46.658245357584029 ], [ 16.114743142491314, 46.658245357584029 ], [ 16.114743142491314, 46.658244026269024 ], [ 16.114742755781243, 46.658244026269024 ], [ 16.114742755781243, 46.65824296121702 ], [ 16.114742369071173, 46.65824296121702 ], [ 16.114742369071173, 46.65824029858701 ], [ 16.114741982361103, 46.65824029858701 ], [ 16.114741982361103, 46.658239766061008 ], [ 16.114741595651033, 46.658239766061008 ], [ 16.114741595651033, 46.658238434746004 ], [ 16.114741208940963, 46.658238434746004 ], [ 16.114741208940963, 46.658237103430999 ], [ 16.114740822230893, 46.658237103430999 ], [ 16.114740822230893, 46.658236304641996 ], [ 16.114740435520822, 46.658236304641996 ], [ 16.114740435520822, 46.658236038378995 ], [ 16.114740048810752, 46.658236038378995 ], [ 16.114740048810752, 46.658235239589992 ], [ 16.114739662100682, 46.658235239589992 ], [ 16.114739662100682, 46.658234973326991 ], [ 16.114740048810752, 46.658234973326991 ], [ 16.114740048810752, 46.65823470706399 ], [ 16.114740435520822, 46.65823470706399 ], [ 16.114740435520822, 46.658234973326991 ], [ 16.114740822230893, 46.658234973326991 ], [ 16.114740822230893, 46.658235239589992 ], [ 16.114741208940963, 46.658235239589992 ], [ 16.114741208940963, 46.658235772115994 ], [ 16.114741595651033, 46.658235772115994 ], [ 16.114741595651033, 46.658236038378995 ], [ 16.114741982361103, 46.658236038378995 ], [ 16.114741982361103, 46.658236304641996 ], [ 16.114742369071173, 46.658236304641996 ], [ 16.114742369071173, 46.658236837167998 ], [ 16.114742755781243, 46.658236837167998 ], [ 16.114742755781243, 46.658237369694 ], [ 16.114743142491314, 46.658237369694 ], [ 16.114743142491314, 46.658237902220002 ], [ 16.114743529201384, 46.658237902220002 ], [ 16.114743529201384, 46.658238434746004 ], [ 16.114743915911454, 46.658238434746004 ], [ 16.114743915911454, 46.658238701009005 ], [ 16.114744302621524, 46.658238701009005 ], [ 16.114744302621524, 46.658239233535006 ], [ 16.114744689331594, 46.658239233535006 ], [ 16.114744689331594, 46.658239766061008 ], [ 16.114745076041665, 46.658239766061008 ], [ 16.114745076041665, 46.65824029858701 ], [ 16.114745462751735, 46.65824029858701 ], [ 16.114745462751735, 46.658240831113012 ], [ 16.114745849461805, 46.658240831113012 ], [ 16.114745849461805, 46.658241363639014 ], [ 16.114746236171875, 46.658241363639014 ], [ 16.114746236171875, 46.658241896165016 ], [ 16.114746622881945, 46.658241896165016 ], [ 16.114746622881945, 46.658242428691018 ], [ 16.114747009592016, 46.658242428691018 ], [ 16.114747009592016, 46.65824296121702 ], [ 16.114747396302086, 46.65824296121702 ], [ 16.114747396302086, 46.658243227480021 ], [ 16.114747783012156, 46.658243227480021 ], [ 16.114747783012156, 46.658243760006023 ], [ 16.114748169722226, 46.658243760006023 ], [ 16.114748169722226, 46.658244825058027 ], [ 16.114748556432296, 46.658244825058027 ], [ 16.114748556432296, 46.658245890110031 ], [ 16.114748943142366, 46.658245890110031 ], [ 16.114748943142366, 46.658246955162035 ], [ 16.114749329852437, 46.658246955162035 ], [ 16.114749329852437, 46.658247487688037 ], [ 16.114749716562507, 46.658247487688037 ], [ 16.114749716562507, 46.658250682844049 ], [ 16.114749329852437, 46.658250682844049 ], [ 16.114749329852437, 46.658253345474058 ], [ 16.114749716562507, 46.658253345474058 ], [ 16.114749716562507, 46.658254676789063 ], [ 16.114750103272577, 46.658254676789063 ], [ 16.114750103272577, 46.658255209315065 ], [ 16.114750489982647, 46.658255209315065 ], [ 16.114750489982647, 46.658255475578066 ], [ 16.114750876692717, 46.658255475578066 ], [ 16.114750876692717, 46.658255741841067 ], [ 16.114751263402788, 46.658255741841067 ], [ 16.114751263402788, 46.658256274367069 ], [ 16.114751650112858, 46.658256274367069 ], [ 16.114751650112858, 46.658257339419073 ], [ 16.114752036822928, 46.658257339419073 ], [ 16.114752036822928, 46.658257871945075 ], [ 16.114752423532998, 46.658257871945075 ], [ 16.114752423532998, 46.658258670734078 ], [ 16.114752810243068, 46.658258670734078 ], [ 16.114752810243068, 46.658259469523081 ], [ 16.114753196953139, 46.658259469523081 ], [ 16.114753196953139, 46.658260268312084 ], [ 16.114753583663209, 46.658260268312084 ], [ 16.114753583663209, 46.658261067101087 ], [ 16.114753970373279, 46.658261067101087 ], [ 16.114753970373279, 46.658262132153091 ], [ 16.114754357083349, 46.658262132153091 ], [ 16.114754357083349, 46.658264262257099 ], [ 16.114754743793419, 46.658264262257099 ], [ 16.114754743793419, 46.658266924887108 ], [ 16.114754357083349, 46.658266924887108 ], [ 16.114754357083349, 46.658267191150109 ], [ 16.114751650112858, 46.658267191150109 ], [ 16.114751650112858, 46.658266924887108 ], [ 16.114751263402788, 46.658266924887108 ] ], [ [ 16.11514725451466, 46.658265327309103 ], [ 16.11514686780459, 46.658265327309103 ], [ 16.11514686780459, 46.658264794783101 ], [ 16.11514648109452, 46.658264794783101 ], [ 16.11514648109452, 46.6582645285201 ], [ 16.11514609438445, 46.6582645285201 ], [ 16.11514609438445, 46.658264262257099 ], [ 16.11514570767438, 46.658264262257099 ], [ 16.11514570767438, 46.658263463468096 ], [ 16.115145320964309, 46.658263463468096 ], [ 16.115145320964309, 46.658262930942094 ], [ 16.115144934254239, 46.658262930942094 ], [ 16.115144934254239, 46.658262132153091 ], [ 16.115144547544169, 46.658262132153091 ], [ 16.115144547544169, 46.658261599627089 ], [ 16.115144160834099, 46.658261599627089 ], [ 16.115144160834099, 46.658260800838086 ], [ 16.115143774124029, 46.658260800838086 ], [ 16.115143774124029, 46.658260268312084 ], [ 16.115143387413958, 46.658260268312084 ], [ 16.115143387413958, 46.658259469523081 ], [ 16.115143000703888, 46.658259469523081 ], [ 16.115143000703888, 46.658258936997079 ], [ 16.115142613993818, 46.658258936997079 ], [ 16.115142613993818, 46.658257073156072 ], [ 16.115142227283748, 46.658257073156072 ], [ 16.115142227283748, 46.658255741841067 ], [ 16.115141840573678, 46.658255741841067 ], [ 16.115141840573678, 46.658254676789063 ], [ 16.115141453863608, 46.658254676789063 ], [ 16.115141453863608, 46.65825387800006 ], [ 16.115141067153537, 46.65825387800006 ], [ 16.115141067153537, 46.658252546685056 ], [ 16.115140680443467, 46.658252546685056 ], [ 16.115140680443467, 46.65825094910705 ], [ 16.115140293733397, 46.65825094910705 ], [ 16.115140293733397, 46.65824828647704 ], [ 16.115139907023327, 46.65824828647704 ], [ 16.115139907023327, 46.658247221425036 ], [ 16.115139520313257, 46.658247221425036 ], [ 16.115139520313257, 46.658245890110031 ], [ 16.115139133603186, 46.658245890110031 ], [ 16.115139133603186, 46.658244825058027 ], [ 16.115138746893116, 46.658244825058027 ], [ 16.115138746893116, 46.658244026269024 ], [ 16.115138360183046, 46.658244026269024 ], [ 16.115138360183046, 46.658243227480021 ], [ 16.115137973472976, 46.658243227480021 ], [ 16.115137973472976, 46.658242162428017 ], [ 16.115137586762906, 46.658242162428017 ], [ 16.115137586762906, 46.658240831113012 ], [ 16.115137200052835, 46.658240831113012 ], [ 16.115137200052835, 46.658240032324009 ], [ 16.115136813342765, 46.658240032324009 ], [ 16.115136813342765, 46.658239233535006 ], [ 16.115136426632695, 46.658239233535006 ], [ 16.115136426632695, 46.658237902220002 ], [ 16.115136039922625, 46.658237902220002 ], [ 16.115136039922625, 46.658235772115994 ], [ 16.115135653212555, 46.658235772115994 ], [ 16.115135653212555, 46.658234440800989 ], [ 16.115135266502485, 46.658234440800989 ], [ 16.115135266502485, 46.658233375748985 ], [ 16.115134879792414, 46.658233375748985 ], [ 16.115134879792414, 46.658232576959982 ], [ 16.115134493082344, 46.658232576959982 ], [ 16.115134493082344, 46.658231778170979 ], [ 16.115134106372274, 46.658231778170979 ], [ 16.115134106372274, 46.658230979381976 ], [ 16.115133719662204, 46.658230979381976 ], [ 16.115133719662204, 46.658229914329972 ], [ 16.115133332952134, 46.658229914329972 ], [ 16.115133332952134, 46.658229115540969 ], [ 16.115132946242063, 46.658229115540969 ], [ 16.115132946242063, 46.658228316751966 ], [ 16.115132559531993, 46.658228316751966 ], [ 16.115132559531993, 46.658227251699962 ], [ 16.115132172821923, 46.658227251699962 ], [ 16.115132172821923, 46.658226452910959 ], [ 16.115131786111853, 46.658226452910959 ], [ 16.115131786111853, 46.658226186647958 ], [ 16.115132172821923, 46.658226186647958 ], [ 16.115132172821923, 46.658225920384957 ], [ 16.115132559531993, 46.658225920384957 ], [ 16.115132559531993, 46.658226186647958 ], [ 16.115132946242063, 46.658226186647958 ], [ 16.115132946242063, 46.65822671917396 ], [ 16.115133332952134, 46.65822671917396 ], [ 16.115133332952134, 46.658227251699962 ], [ 16.115133719662204, 46.658227251699962 ], [ 16.115133719662204, 46.658227784225964 ], [ 16.115134106372274, 46.658227784225964 ], [ 16.115134106372274, 46.658228316751966 ], [ 16.115134493082344, 46.658228316751966 ], [ 16.115134493082344, 46.658229115540969 ], [ 16.115134879792414, 46.658229115540969 ], [ 16.115134879792414, 46.658229914329972 ], [ 16.115135266502485, 46.658229914329972 ], [ 16.115135266502485, 46.658231245644977 ], [ 16.115135653212555, 46.658231245644977 ], [ 16.115135653212555, 46.658232310696981 ], [ 16.115136039922625, 46.658232310696981 ], [ 16.115136039922625, 46.658233109485984 ], [ 16.115136426632695, 46.658233109485984 ], [ 16.115136426632695, 46.658233908274987 ], [ 16.115136813342765, 46.658233908274987 ], [ 16.115136813342765, 46.65823470706399 ], [ 16.115137200052835, 46.65823470706399 ], [ 16.115137200052835, 46.658235772115994 ], [ 16.115137586762906, 46.658235772115994 ], [ 16.115137586762906, 46.658237103430999 ], [ 16.115137973472976, 46.658237103430999 ], [ 16.115137973472976, 46.658238434746004 ], [ 16.115138360183046, 46.658238434746004 ], [ 16.115138360183046, 46.658239499798007 ], [ 16.115138746893116, 46.658239499798007 ], [ 16.115138746893116, 46.658240564850011 ], [ 16.115139133603186, 46.658240564850011 ], [ 16.115139133603186, 46.658241896165016 ], [ 16.115139520313257, 46.658241896165016 ], [ 16.115139520313257, 46.65824296121702 ], [ 16.115139907023327, 46.65824296121702 ], [ 16.115139907023327, 46.658244026269024 ], [ 16.115140293733397, 46.658244026269024 ], [ 16.115140293733397, 46.65824562384703 ], [ 16.115140680443467, 46.65824562384703 ], [ 16.115140680443467, 46.658246955162035 ], [ 16.115141067153537, 46.658246955162035 ], [ 16.115141067153537, 46.658248020214039 ], [ 16.115141453863608, 46.658248020214039 ], [ 16.115141453863608, 46.658249085266043 ], [ 16.115141840573678, 46.658249085266043 ], [ 16.115141840573678, 46.658250416581048 ], [ 16.115142227283748, 46.658250416581048 ], [ 16.115142227283748, 46.658251747896053 ], [ 16.115142613993818, 46.658251747896053 ], [ 16.115142613993818, 46.658253079211057 ], [ 16.115143000703888, 46.658253079211057 ], [ 16.115143000703888, 46.658253345474058 ], [ 16.115143387413958, 46.658253345474058 ], [ 16.115143387413958, 46.658254144263061 ], [ 16.115143774124029, 46.658254144263061 ], [ 16.115143774124029, 46.658255209315065 ], [ 16.115144160834099, 46.658255209315065 ], [ 16.115144160834099, 46.658256008104068 ], [ 16.115144547544169, 46.658256008104068 ], [ 16.115144547544169, 46.65825654063007 ], [ 16.115144934254239, 46.65825654063007 ], [ 16.115144934254239, 46.658257339419073 ], [ 16.115145320964309, 46.658257339419073 ], [ 16.115145320964309, 46.65825920326008 ], [ 16.11514570767438, 46.65825920326008 ], [ 16.11514570767438, 46.658260002049083 ], [ 16.11514609438445, 46.658260002049083 ], [ 16.11514609438445, 46.658260534575085 ], [ 16.11514648109452, 46.658260534575085 ], [ 16.11514648109452, 46.658261333364088 ], [ 16.11514686780459, 46.658261333364088 ], [ 16.11514686780459, 46.658262132153091 ], [ 16.11514725451466, 46.658262132153091 ], [ 16.11514725451466, 46.658263197205095 ], [ 16.115147641224731, 46.658263197205095 ], [ 16.115147641224731, 46.658263729731097 ], [ 16.115148027934801, 46.658263729731097 ], [ 16.115148027934801, 46.6582645285201 ], [ 16.115148414644871, 46.6582645285201 ], [ 16.115148414644871, 46.658265593572104 ], [ 16.115148027934801, 46.658265593572104 ], [ 16.115148027934801, 46.658265859835105 ], [ 16.115147641224731, 46.658265859835105 ], [ 16.115147641224731, 46.658265593572104 ], [ 16.11514725451466, 46.658265593572104 ], [ 16.11514725451466, 46.658265327309103 ] ], [ [ 16.115129465851432, 46.658219796335935 ], [ 16.115129079141362, 46.658219796335935 ], [ 16.115129079141362, 46.65821846502093 ], [ 16.115128692431291, 46.65821846502093 ], [ 16.115128692431291, 46.658217133705925 ], [ 16.115128305721221, 46.658217133705925 ], [ 16.115128305721221, 46.658216068653921 ], [ 16.115127919011151, 46.658216068653921 ], [ 16.115127919011151, 46.658214737338916 ], [ 16.115127532301081, 46.658214737338916 ], [ 16.115127532301081, 46.658213672286912 ], [ 16.115127145591011, 46.658213672286912 ], [ 16.115127145591011, 46.658212873497909 ], [ 16.11512675888094, 46.658212873497909 ], [ 16.11512675888094, 46.658212074708906 ], [ 16.11512637217087, 46.658212074708906 ], [ 16.11512637217087, 46.658211009656902 ], [ 16.1151259854608, 46.658211009656902 ], [ 16.1151259854608, 46.6582102108679 ], [ 16.11512559875073, 46.6582102108679 ], [ 16.11512559875073, 46.658209145815896 ], [ 16.11512521204066, 46.658209145815896 ], [ 16.11512521204066, 46.658208347026893 ], [ 16.115124825330589, 46.658208347026893 ], [ 16.115124825330589, 46.658207015711888 ], [ 16.115124438620519, 46.658207015711888 ], [ 16.115124438620519, 46.658206216922885 ], [ 16.115124051910449, 46.658206216922885 ], [ 16.115124051910449, 46.658205684396883 ], [ 16.115123665200379, 46.658205684396883 ], [ 16.115123665200379, 46.658205151870881 ], [ 16.115123278490309, 46.658205151870881 ], [ 16.115123278490309, 46.658204619344879 ], [ 16.115122891780238, 46.658204619344879 ], [ 16.115122891780238, 46.658204086818877 ], [ 16.115122505070168, 46.658204086818877 ], [ 16.115122505070168, 46.658203554292875 ], [ 16.115122118360098, 46.658203554292875 ], [ 16.115122118360098, 46.658203021766873 ], [ 16.115121731650028, 46.658203021766873 ], [ 16.115121731650028, 46.65820222297787 ], [ 16.115121344939958, 46.65820222297787 ], [ 16.115121344939958, 46.658201956714869 ], [ 16.115120958229888, 46.658201956714869 ], [ 16.115120958229888, 46.658201424188867 ], [ 16.115120571519817, 46.658201424188867 ], [ 16.115120571519817, 46.658200891662865 ], [ 16.115120958229888, 46.658200891662865 ], [ 16.115120958229888, 46.658200625399864 ], [ 16.115121344939958, 46.658200625399864 ], [ 16.115121344939958, 46.658200891662865 ], [ 16.115121731650028, 46.658200891662865 ], [ 16.115121731650028, 46.658201424188867 ], [ 16.115122118360098, 46.658201424188867 ], [ 16.115122118360098, 46.658201690451868 ], [ 16.115122505070168, 46.658201690451868 ], [ 16.115122505070168, 46.65820222297787 ], [ 16.115122891780238, 46.65820222297787 ], [ 16.115122891780238, 46.658202755503872 ], [ 16.115123278490309, 46.658202755503872 ], [ 16.115123278490309, 46.658203021766873 ], [ 16.115123665200379, 46.658203021766873 ], [ 16.115123665200379, 46.658203554292875 ], [ 16.115124051910449, 46.658203554292875 ], [ 16.115124051910449, 46.658204086818877 ], [ 16.115124438620519, 46.658204086818877 ], [ 16.115124438620519, 46.658204619344879 ], [ 16.115124825330589, 46.658204619344879 ], [ 16.115124825330589, 46.65820488560788 ], [ 16.11512521204066, 46.65820488560788 ], [ 16.11512521204066, 46.658205684396883 ], [ 16.11512559875073, 46.658205684396883 ], [ 16.11512559875073, 46.658206216922885 ], [ 16.1151259854608, 46.658206216922885 ], [ 16.1151259854608, 46.658207015711888 ], [ 16.11512637217087, 46.658207015711888 ], [ 16.11512637217087, 46.65820754823789 ], [ 16.11512675888094, 46.65820754823789 ], [ 16.11512675888094, 46.658208613289894 ], [ 16.115127145591011, 46.658208613289894 ], [ 16.115127145591011, 46.658209412078897 ], [ 16.115127532301081, 46.658209412078897 ], [ 16.115127532301081, 46.658210477130901 ], [ 16.115127919011151, 46.658210477130901 ], [ 16.115127919011151, 46.658211808445905 ], [ 16.115128305721221, 46.658211808445905 ], [ 16.115128305721221, 46.658212873497909 ], [ 16.115128692431291, 46.658212873497909 ], [ 16.115128692431291, 46.658213938549913 ], [ 16.115129079141362, 46.658213938549913 ], [ 16.115129079141362, 46.658215269864918 ], [ 16.115129465851432, 46.658215269864918 ], [ 16.115129465851432, 46.658216334916922 ], [ 16.115129852561502, 46.658216334916922 ], [ 16.115129852561502, 46.65821846502093 ], [ 16.115130239271572, 46.65821846502093 ], [ 16.115130239271572, 46.658219796335935 ], [ 16.115130625981642, 46.658219796335935 ], [ 16.115130625981642, 46.65822112765094 ], [ 16.115130239271572, 46.65822112765094 ], [ 16.115130239271572, 46.658221393913941 ], [ 16.115129852561502, 46.658221393913941 ], [ 16.115129852561502, 46.65822112765094 ], [ 16.115129465851432, 46.65822112765094 ], [ 16.115129465851432, 46.658219796335935 ] ], [ [ 16.115119798099677, 46.658199027821858 ], [ 16.115120184809747, 46.658199027821858 ], [ 16.115120184809747, 46.658197696506853 ], [ 16.115119798099677, 46.658197696506853 ], [ 16.115119798099677, 46.658196897717851 ], [ 16.115119411389607, 46.658196897717851 ], [ 16.115119411389607, 46.658196365191849 ], [ 16.115119024679537, 46.658196365191849 ], [ 16.115119024679537, 46.658194501350842 ], [ 16.115118637969466, 46.658194501350842 ], [ 16.115118637969466, 46.658193436298838 ], [ 16.115118251259396, 46.658193436298838 ], [ 16.115118251259396, 46.658192903772836 ], [ 16.115118637969466, 46.658192903772836 ], [ 16.115118637969466, 46.658192637509835 ], [ 16.115119024679537, 46.658192637509835 ], [ 16.115119024679537, 46.658192903772836 ], [ 16.115119411389607, 46.658192903772836 ], [ 16.115119411389607, 46.658193436298838 ], [ 16.115119798099677, 46.658193436298838 ], [ 16.115119798099677, 46.65819396882484 ], [ 16.115120184809747, 46.65819396882484 ], [ 16.115120184809747, 46.658194767613843 ], [ 16.115120571519817, 46.658194767613843 ], [ 16.115120571519817, 46.658195566402846 ], [ 16.115120958229888, 46.658195566402846 ], [ 16.115120958229888, 46.658196365191849 ], [ 16.115121344939958, 46.658196365191849 ], [ 16.115121344939958, 46.658196897717851 ], [ 16.115121731650028, 46.658196897717851 ], [ 16.115121731650028, 46.658197962769854 ], [ 16.115121344939958, 46.658197962769854 ], [ 16.115121344939958, 46.658199027821858 ], [ 16.115120958229888, 46.658199027821858 ], [ 16.115120958229888, 46.658199294084859 ], [ 16.115120571519817, 46.658199294084859 ], [ 16.115120571519817, 46.65819956034786 ], [ 16.115120184809747, 46.65819956034786 ], [ 16.115120184809747, 46.658199294084859 ], [ 16.115119798099677, 46.658199294084859 ], [ 16.115119798099677, 46.658199027821858 ] ], [ [ 16.115115930998975, 46.658185448408808 ], [ 16.115115544288905, 46.658185448408808 ], [ 16.115115544288905, 46.658184649619805 ], [ 16.115115157578835, 46.658184649619805 ], [ 16.115115157578835, 46.658183850830802 ], [ 16.115114770868765, 46.658183850830802 ], [ 16.115114770868765, 46.6581833183048 ], [ 16.115114384158694, 46.6581833183048 ], [ 16.115114384158694, 46.658182519515798 ], [ 16.115113997448624, 46.658182519515798 ], [ 16.115113997448624, 46.658181720726795 ], [ 16.115113610738554, 46.658181720726795 ], [ 16.115113610738554, 46.658180655674791 ], [ 16.115113224028484, 46.658180655674791 ], [ 16.115113224028484, 46.658179856885788 ], [ 16.115112837318414, 46.658179856885788 ], [ 16.115112837318414, 46.658179324359786 ], [ 16.115112450608343, 46.658179324359786 ], [ 16.115112450608343, 46.658178525570783 ], [ 16.115112063898273, 46.658178525570783 ], [ 16.115112063898273, 46.658177460518779 ], [ 16.115111677188203, 46.658177460518779 ], [ 16.115111677188203, 46.658176661729776 ], [ 16.115111290478133, 46.658176661729776 ], [ 16.115111290478133, 46.658175862940773 ], [ 16.115110903768063, 46.658175862940773 ], [ 16.115110903768063, 46.65817506415177 ], [ 16.115110517057992, 46.65817506415177 ], [ 16.115110517057992, 46.658174265362767 ], [ 16.115110130347922, 46.658174265362767 ], [ 16.115110130347922, 46.658173732836765 ], [ 16.115109743637852, 46.658173732836765 ], [ 16.115109743637852, 46.658172934047762 ], [ 16.115109356927782, 46.658172934047762 ], [ 16.115109356927782, 46.65817240152176 ], [ 16.115108970217712, 46.65817240152176 ], [ 16.115108970217712, 46.658171868995758 ], [ 16.115108583507642, 46.658171868995758 ], [ 16.115108583507642, 46.658171070206755 ], [ 16.115108196797571, 46.658171070206755 ], [ 16.115108196797571, 46.658170005154751 ], [ 16.115107810087501, 46.658170005154751 ], [ 16.115107810087501, 46.658168673839747 ], [ 16.115107423377431, 46.658168673839747 ], [ 16.115107423377431, 46.658167608787743 ], [ 16.115107036667361, 46.658167608787743 ], [ 16.115107036667361, 46.65816680999874 ], [ 16.115106649957291, 46.65816680999874 ], [ 16.115106649957291, 46.658165744946736 ], [ 16.11510626324722, 46.658165744946736 ], [ 16.11510626324722, 46.658164946157733 ], [ 16.11510587653715, 46.658164946157733 ], [ 16.11510587653715, 46.658163614842728 ], [ 16.11510548982708, 46.658163614842728 ], [ 16.11510548982708, 46.658162816053725 ], [ 16.11510510311701, 46.658162816053725 ], [ 16.11510510311701, 46.658162017264722 ], [ 16.11510471640694, 46.658162017264722 ], [ 16.11510471640694, 46.658161218475719 ], [ 16.115104329696869, 46.658161218475719 ], [ 16.115104329696869, 46.658160153423715 ], [ 16.115103942986799, 46.658160153423715 ], [ 16.115103942986799, 46.658159354634712 ], [ 16.115103556276729, 46.658159354634712 ], [ 16.115103556276729, 46.65815882210871 ], [ 16.115103169566659, 46.65815882210871 ], [ 16.115103169566659, 46.658157757056706 ], [ 16.115102782856589, 46.658157757056706 ], [ 16.115102782856589, 46.658156692004702 ], [ 16.115102396146519, 46.658156692004702 ], [ 16.115102396146519, 46.658155626952698 ], [ 16.115102009436448, 46.658155626952698 ], [ 16.115102009436448, 46.658154828163696 ], [ 16.115101622726378, 46.658154828163696 ], [ 16.115101622726378, 46.658153763111692 ], [ 16.115101236016308, 46.658153763111692 ], [ 16.115101236016308, 46.658152964322689 ], [ 16.115100849306238, 46.658152964322689 ], [ 16.115100849306238, 46.658152431796687 ], [ 16.115100462596168, 46.658152431796687 ], [ 16.115100462596168, 46.658151633007684 ], [ 16.115100075886097, 46.658151633007684 ], [ 16.115100075886097, 46.658150834218681 ], [ 16.115099689176027, 46.658150834218681 ], [ 16.115099689176027, 46.658150035429678 ], [ 16.115099302465957, 46.658150035429678 ], [ 16.115099302465957, 46.658148970377674 ], [ 16.115098915755887, 46.658148970377674 ], [ 16.115098915755887, 46.65814790532567 ], [ 16.115098529045817, 46.65814790532567 ], [ 16.115098529045817, 46.658147372799668 ], [ 16.115098915755887, 46.658147372799668 ], [ 16.115098915755887, 46.658147106536667 ], [ 16.115099302465957, 46.658147106536667 ], [ 16.115099302465957, 46.658147372799668 ], [ 16.115099689176027, 46.658147372799668 ], [ 16.115099689176027, 46.658148171588671 ], [ 16.115100075886097, 46.658148171588671 ], [ 16.115100075886097, 46.658148704114673 ], [ 16.115100462596168, 46.658148704114673 ], [ 16.115100462596168, 46.658149502903676 ], [ 16.115100849306238, 46.658149502903676 ], [ 16.115100849306238, 46.658150301692679 ], [ 16.115101236016308, 46.658150301692679 ], [ 16.115101236016308, 46.658151366744683 ], [ 16.115101622726378, 46.658151366744683 ], [ 16.115101622726378, 46.658152165533686 ], [ 16.115102009436448, 46.658152165533686 ], [ 16.115102009436448, 46.658152698059688 ], [ 16.115102396146519, 46.658152698059688 ], [ 16.115102396146519, 46.65815323058569 ], [ 16.115102782856589, 46.65815323058569 ], [ 16.115102782856589, 46.658153763111692 ], [ 16.115103169566659, 46.658153763111692 ], [ 16.115103169566659, 46.658154295637694 ], [ 16.115103556276729, 46.658154295637694 ], [ 16.115103556276729, 46.658154828163696 ], [ 16.115103942986799, 46.658154828163696 ], [ 16.115103942986799, 46.658155626952698 ], [ 16.115104329696869, 46.658155626952698 ], [ 16.115104329696869, 46.658156692004702 ], [ 16.11510471640694, 46.658156692004702 ], [ 16.11510471640694, 46.658158023319707 ], [ 16.11510510311701, 46.658158023319707 ], [ 16.11510510311701, 46.658159354634712 ], [ 16.11510548982708, 46.658159354634712 ], [ 16.11510548982708, 46.658160153423715 ], [ 16.11510587653715, 46.658160153423715 ], [ 16.11510587653715, 46.658160685949717 ], [ 16.11510626324722, 46.658160685949717 ], [ 16.11510626324722, 46.658162017264722 ], [ 16.115106649957291, 46.658162017264722 ], [ 16.115106649957291, 46.658163082316726 ], [ 16.115107036667361, 46.658163082316726 ], [ 16.115107036667361, 46.65816414736873 ], [ 16.115107423377431, 46.65816414736873 ], [ 16.115107423377431, 46.658165212420734 ], [ 16.115107810087501, 46.658165212420734 ], [ 16.115107810087501, 46.658166011209737 ], [ 16.115108196797571, 46.658166011209737 ], [ 16.115108196797571, 46.65816680999874 ], [ 16.115108583507642, 46.65816680999874 ], [ 16.115108583507642, 46.658167608787743 ], [ 16.115108970217712, 46.658167608787743 ], [ 16.115108970217712, 46.658168407576746 ], [ 16.115109356927782, 46.658168407576746 ], [ 16.115109356927782, 46.658169206365748 ], [ 16.115109743637852, 46.658169206365748 ], [ 16.115109743637852, 46.658170005154751 ], [ 16.115110130347922, 46.658170005154751 ], [ 16.115110130347922, 46.658170803943754 ], [ 16.115110517057992, 46.658170803943754 ], [ 16.115110517057992, 46.658171868995758 ], [ 16.115110903768063, 46.658171868995758 ], [ 16.115110903768063, 46.658172934047762 ], [ 16.115111290478133, 46.658172934047762 ], [ 16.115111290478133, 46.658173999099766 ], [ 16.115111677188203, 46.658173999099766 ], [ 16.115111677188203, 46.65817506415177 ], [ 16.115112063898273, 46.65817506415177 ], [ 16.115112063898273, 46.658176129203774 ], [ 16.115112450608343, 46.658176129203774 ], [ 16.115112450608343, 46.658176927992777 ], [ 16.115112837318414, 46.658176927992777 ], [ 16.115112837318414, 46.65817772678178 ], [ 16.115113224028484, 46.65817772678178 ], [ 16.115113224028484, 46.658178525570783 ], [ 16.115113610738554, 46.658178525570783 ], [ 16.115113610738554, 46.658179324359786 ], [ 16.115113997448624, 46.658179324359786 ], [ 16.115113997448624, 46.658180123148789 ], [ 16.115114384158694, 46.658180123148789 ], [ 16.115114384158694, 46.658180921937792 ], [ 16.115114770868765, 46.658180921937792 ], [ 16.115114770868765, 46.658181720726795 ], [ 16.115115157578835, 46.658181720726795 ], [ 16.115115157578835, 46.658182519515798 ], [ 16.115115544288905, 46.658182519515798 ], [ 16.115115544288905, 46.6581833183048 ], [ 16.115115930998975, 46.6581833183048 ], [ 16.115115930998975, 46.658184117093803 ], [ 16.115116317709045, 46.658184117093803 ], [ 16.115116317709045, 46.658184649619805 ], [ 16.115116704419115, 46.658184649619805 ], [ 16.115116704419115, 46.658185714671809 ], [ 16.115117091129186, 46.658185714671809 ], [ 16.115117091129186, 46.658186247197811 ], [ 16.115116704419115, 46.658186247197811 ], [ 16.115116704419115, 46.658186513460812 ], [ 16.115116317709045, 46.658186513460812 ], [ 16.115116317709045, 46.658186247197811 ], [ 16.115115930998975, 46.658186247197811 ], [ 16.115115930998975, 46.658185448408808 ] ], [ [ 16.115031241493604, 46.658460231825821 ], [ 16.115031241493604, 46.658459699299819 ], [ 16.115030854783534, 46.658459699299819 ], [ 16.115030854783534, 46.658459433036818 ], [ 16.115030468073464, 46.658459433036818 ], [ 16.115030468073464, 46.658458634247815 ], [ 16.115030081363393, 46.658458634247815 ], [ 16.115030081363393, 46.65845730293281 ], [ 16.115029694653323, 46.65845730293281 ], [ 16.115029694653323, 46.658456770406808 ], [ 16.115030081363393, 46.658456770406808 ], [ 16.115030081363393, 46.658456504143807 ], [ 16.115030468073464, 46.658456504143807 ], [ 16.115030468073464, 46.658456770406808 ], [ 16.115030854783534, 46.658456770406808 ], [ 16.115030854783534, 46.658457569195811 ], [ 16.115031241493604, 46.658457569195811 ], [ 16.115031241493604, 46.658458101721813 ], [ 16.115031628203674, 46.658458101721813 ], [ 16.115031628203674, 46.658459166773817 ], [ 16.115032014913744, 46.658459166773817 ], [ 16.115032014913744, 46.658459699299819 ], [ 16.115032401623814, 46.658459699299819 ], [ 16.115032401623814, 46.658460231825821 ], [ 16.115032014913744, 46.658460231825821 ], [ 16.115032014913744, 46.658460498088822 ], [ 16.115031628203674, 46.658460498088822 ], [ 16.115031628203674, 46.658460231825821 ], [ 16.115031241493604, 46.658460231825821 ] ], [ [ 16.11502273387206, 46.658442658467756 ], [ 16.11502273387206, 46.658441859678753 ], [ 16.11502234716199, 46.658441859678753 ], [ 16.11502234716199, 46.658440794626749 ], [ 16.115021960451919, 46.658440794626749 ], [ 16.115021960451919, 46.658439995837746 ], [ 16.115021573741849, 46.658439995837746 ], [ 16.115021573741849, 46.658439463311744 ], [ 16.115021960451919, 46.658439463311744 ], [ 16.115021960451919, 46.658439197048743 ], [ 16.11502234716199, 46.658439197048743 ], [ 16.11502234716199, 46.658439463311744 ], [ 16.11502273387206, 46.658439463311744 ], [ 16.11502273387206, 46.658440262100747 ], [ 16.11502312058213, 46.658440262100747 ], [ 16.11502312058213, 46.65844106088975 ], [ 16.1150235072922, 46.65844106088975 ], [ 16.1150235072922, 46.658442125941754 ], [ 16.11502389400227, 46.658442125941754 ], [ 16.11502389400227, 46.658442658467756 ], [ 16.1150235072922, 46.658442658467756 ], [ 16.1150235072922, 46.658442924730757 ], [ 16.11502312058213, 46.658442924730757 ], [ 16.11502312058213, 46.658442658467756 ], [ 16.11502273387206, 46.658442658467756 ] ], [ [ 16.114782200208403, 46.658332958111352 ], [ 16.114782200208403, 46.658332691848351 ], [ 16.114781813498332, 46.658332691848351 ], [ 16.114781813498332, 46.658331626796347 ], [ 16.114781426788262, 46.658331626796347 ], [ 16.114781426788262, 46.658330561744343 ], [ 16.114781813498332, 46.658330561744343 ], [ 16.114781813498332, 46.658330295481342 ], [ 16.114782200208403, 46.658330295481342 ], [ 16.114782200208403, 46.658330561744343 ], [ 16.114782586918473, 46.658330561744343 ], [ 16.114782586918473, 46.658331626796347 ], [ 16.114782973628543, 46.658331626796347 ], [ 16.114782973628543, 46.658332691848351 ], [ 16.114783360338613, 46.658332691848351 ], [ 16.114783360338613, 46.658332958111352 ], [ 16.114782973628543, 46.658332958111352 ], [ 16.114782973628543, 46.658333224374353 ], [ 16.114782586918473, 46.658333224374353 ], [ 16.114782586918473, 46.658332958111352 ], [ 16.114782200208403, 46.658332958111352 ] ], [ [ 16.114775239427139, 46.658321242539309 ], [ 16.114775239427139, 46.658320976276308 ], [ 16.114774852717069, 46.658320976276308 ], [ 16.114774852717069, 46.658320710013307 ], [ 16.114774466006999, 46.658320710013307 ], [ 16.114774466006999, 46.658320177487305 ], [ 16.114774079296929, 46.658320177487305 ], [ 16.114774079296929, 46.658319644961303 ], [ 16.114773692586859, 46.658319644961303 ], [ 16.114773692586859, 46.658319378698302 ], [ 16.114774079296929, 46.658319378698302 ], [ 16.114774079296929, 46.658319112435301 ], [ 16.114774466006999, 46.658319112435301 ], [ 16.114774466006999, 46.658319378698302 ], [ 16.114774852717069, 46.658319378698302 ], [ 16.114774852717069, 46.658319644961303 ], [ 16.114775239427139, 46.658319644961303 ], [ 16.114775239427139, 46.658319911224304 ], [ 16.114775626137209, 46.658319911224304 ], [ 16.114775626137209, 46.658320177487305 ], [ 16.11477601284728, 46.658320177487305 ], [ 16.11477601284728, 46.658320710013307 ], [ 16.11477639955735, 46.658320710013307 ], [ 16.11477639955735, 46.658321242539309 ], [ 16.11477601284728, 46.658321242539309 ], [ 16.11477601284728, 46.65832150880231 ], [ 16.114775626137209, 46.65832150880231 ], [ 16.114775626137209, 46.658321242539309 ], [ 16.114775239427139, 46.658321242539309 ] ], [ [ 16.114764024835104, 46.658293284924206 ], [ 16.114764024835104, 46.658292486135203 ], [ 16.114763638125034, 46.658292486135203 ], [ 16.114763638125034, 46.658291953609201 ], [ 16.114763251414963, 46.658291953609201 ], [ 16.114763251414963, 46.658291154820198 ], [ 16.114762864704893, 46.658291154820198 ], [ 16.114762864704893, 46.658289557242192 ], [ 16.114762477994823, 46.658289557242192 ], [ 16.114762477994823, 46.658288492190188 ], [ 16.114762091284753, 46.658288492190188 ], [ 16.114762091284753, 46.658287427138184 ], [ 16.114761704574683, 46.658287427138184 ], [ 16.114761704574683, 46.658286628349181 ], [ 16.114762091284753, 46.658286628349181 ], [ 16.114762091284753, 46.65828636208618 ], [ 16.114762477994823, 46.65828636208618 ], [ 16.114762477994823, 46.658286628349181 ], [ 16.114762864704893, 46.658286628349181 ], [ 16.114762864704893, 46.658287427138184 ], [ 16.114763251414963, 46.658287427138184 ], [ 16.114763251414963, 46.658288225927187 ], [ 16.114763638125034, 46.658288225927187 ], [ 16.114763638125034, 46.65828902471619 ], [ 16.114764024835104, 46.65828902471619 ], [ 16.114764024835104, 46.658289557242192 ], [ 16.114764411545174, 46.658289557242192 ], [ 16.114764411545174, 46.658290622294196 ], [ 16.114764798255244, 46.658290622294196 ], [ 16.114764798255244, 46.6582916873462 ], [ 16.114765184965314, 46.6582916873462 ], [ 16.114765184965314, 46.658293284924206 ], [ 16.114764798255244, 46.658293284924206 ], [ 16.114764798255244, 46.658293551187207 ], [ 16.114764411545174, 46.658293551187207 ], [ 16.114764411545174, 46.658293284924206 ], [ 16.114764024835104, 46.658293284924206 ] ], [ [ 16.114759771024332, 46.658281303089161 ], [ 16.114759771024332, 46.658280770563159 ], [ 16.114759384314262, 46.658280770563159 ], [ 16.114759384314262, 46.658279971774157 ], [ 16.114758997604191, 46.658279971774157 ], [ 16.114758997604191, 46.658279172985154 ], [ 16.114758610894121, 46.658279172985154 ], [ 16.114758610894121, 46.658278374196151 ], [ 16.114758224184051, 46.658278374196151 ], [ 16.114758224184051, 46.658276776618145 ], [ 16.114757837473981, 46.658276776618145 ], [ 16.114757837473981, 46.65827544530314 ], [ 16.114757450763911, 46.65827544530314 ], [ 16.114757450763911, 46.658274912777138 ], [ 16.11475706405384, 46.658274912777138 ], [ 16.11475706405384, 46.658274113988135 ], [ 16.11475667734377, 46.658274113988135 ], [ 16.11475667734377, 46.658273581462133 ], [ 16.1147562906337, 46.658273581462133 ], [ 16.1147562906337, 46.65827278267313 ], [ 16.11475590392363, 46.65827278267313 ], [ 16.11475590392363, 46.658272250147128 ], [ 16.11475551721356, 46.658272250147128 ], [ 16.11475551721356, 46.658271451358125 ], [ 16.11475513050349, 46.658271451358125 ], [ 16.11475513050349, 46.658270652569122 ], [ 16.114754743793419, 46.658270652569122 ], [ 16.114754743793419, 46.65827012004312 ], [ 16.114754357083349, 46.65827012004312 ], [ 16.114754357083349, 46.658269853780119 ], [ 16.114754743793419, 46.658269853780119 ], [ 16.114754743793419, 46.658269587517118 ], [ 16.11475513050349, 46.658269587517118 ], [ 16.11475513050349, 46.658269853780119 ], [ 16.11475551721356, 46.658269853780119 ], [ 16.11475551721356, 46.65827012004312 ], [ 16.11475590392363, 46.65827012004312 ], [ 16.11475590392363, 46.658270386306121 ], [ 16.1147562906337, 46.658270386306121 ], [ 16.1147562906337, 46.658270918832123 ], [ 16.11475667734377, 46.658270918832123 ], [ 16.11475667734377, 46.658271185095124 ], [ 16.11475706405384, 46.658271185095124 ], [ 16.11475706405384, 46.658271717621126 ], [ 16.114757450763911, 46.658271717621126 ], [ 16.114757450763911, 46.658272516410129 ], [ 16.114757837473981, 46.658272516410129 ], [ 16.114757837473981, 46.658273581462133 ], [ 16.114758224184051, 46.658273581462133 ], [ 16.114758224184051, 46.658274912777138 ], [ 16.114758610894121, 46.658274912777138 ], [ 16.114758610894121, 46.65827544530314 ], [ 16.114758997604191, 46.65827544530314 ], [ 16.114758997604191, 46.658276244092143 ], [ 16.114759384314262, 46.658276244092143 ], [ 16.114759384314262, 46.658277575407148 ], [ 16.114759771024332, 46.658277575407148 ], [ 16.114759771024332, 46.658278374196151 ], [ 16.114760157734402, 46.658278374196151 ], [ 16.114760157734402, 46.658279439248155 ], [ 16.114760544444472, 46.658279439248155 ], [ 16.114760544444472, 46.658280770563159 ], [ 16.114760931154542, 46.658280770563159 ], [ 16.114760931154542, 46.658281303089161 ], [ 16.114760544444472, 46.658281303089161 ], [ 16.114760544444472, 46.658281569352162 ], [ 16.114760157734402, 46.658281569352162 ], [ 16.114760157734402, 46.658281303089161 ], [ 16.114759771024332, 46.658281303089161 ] ] ] } },
{ "type": "Feature", "properties": { "id": 12, "bg": "0", "area": 49.470146179199219 }, "geometry": { "type": "Polygon", "coordinates": [ [ [ 16.115089634714202, 46.658131130756608 ], [ 16.115089634714202, 46.658130864493607 ], [ 16.115090794844413, 46.658130864493607 ], [ 16.115090794844413, 46.658124474181584 ], [ 16.115090408134343, 46.658124474181584 ], [ 16.115090408134343, 46.658123675392581 ], [ 16.115090021424272, 46.658123675392581 ], [ 16.115090021424272, 46.658123142866579 ], [ 16.115089248004132, 46.658123142866579 ], [ 16.115089248004132, 46.658122876603578 ], [ 16.115088861294062, 46.658122876603578 ], [ 16.115088861294062, 46.658122077814575 ], [ 16.115088474583992, 46.658122077814575 ], [ 16.115088474583992, 46.658121279025572 ], [ 16.115088087873922, 46.658121279025572 ], [ 16.115088087873922, 46.65812074649957 ], [ 16.115087701163851, 46.65812074649957 ], [ 16.115087701163851, 46.658119947710567 ], [ 16.115087314453781, 46.658119947710567 ], [ 16.115087314453781, 46.658119148921564 ], [ 16.115086927743711, 46.658119148921564 ], [ 16.115086927743711, 46.658118616395562 ], [ 16.115086541033641, 46.658118616395562 ], [ 16.115086541033641, 46.65811808386956 ], [ 16.115086154323571, 46.65811808386956 ], [ 16.115086154323571, 46.658117018817556 ], [ 16.1150857676135, 46.658117018817556 ], [ 16.1150857676135, 46.658115687502551 ], [ 16.11508538090343, 46.658115687502551 ], [ 16.11508538090343, 46.658114888713548 ], [ 16.11508499419336, 46.658114888713548 ], [ 16.11508499419336, 46.658114089924545 ], [ 16.11508460748329, 46.658114089924545 ], [ 16.11508460748329, 46.658112758609541 ], [ 16.11508422077322, 46.658112758609541 ], [ 16.11508422077322, 46.658112226083539 ], [ 16.115083834063149, 46.658112226083539 ], [ 16.115083834063149, 46.658111427294536 ], [ 16.115083447353079, 46.658111427294536 ], [ 16.115083447353079, 46.658110628505533 ], [ 16.115083060643009, 46.658110628505533 ], [ 16.115083060643009, 46.658109563453529 ], [ 16.115082673932939, 46.658109563453529 ], [ 16.115082673932939, 46.658108498401525 ], [ 16.115082287222869, 46.658108498401525 ], [ 16.115082287222869, 46.658107699612522 ], [ 16.115081900512799, 46.658107699612522 ], [ 16.115081900512799, 46.658106900823519 ], [ 16.115081513802728, 46.658106900823519 ], [ 16.115081513802728, 46.658106368297517 ], [ 16.115081127092658, 46.658106368297517 ], [ 16.115081127092658, 46.658105835771515 ], [ 16.115080740382588, 46.658105835771515 ], [ 16.115080740382588, 46.658105036982512 ], [ 16.115080353672518, 46.658105036982512 ], [ 16.115080353672518, 46.658104238193509 ], [ 16.115079966962448, 46.658104238193509 ], [ 16.115079966962448, 46.658102906878504 ], [ 16.115079580252377, 46.658102906878504 ], [ 16.115079580252377, 46.658102108089501 ], [ 16.115079193542307, 46.658102108089501 ], [ 16.115079193542307, 46.658101575563499 ], [ 16.115078806832237, 46.658101575563499 ], [ 16.115078806832237, 46.658100776774496 ], [ 16.115078420122167, 46.658100776774496 ], [ 16.115078420122167, 46.658099977985493 ], [ 16.115078033412097, 46.658099977985493 ], [ 16.115078033412097, 46.658099445459492 ], [ 16.115077646702026, 46.658099445459492 ], [ 16.115077646702026, 46.65809891293349 ], [ 16.115077259991956, 46.65809891293349 ], [ 16.115077259991956, 46.658097581618485 ], [ 16.115076873281886, 46.658097581618485 ], [ 16.115076873281886, 46.658095984040479 ], [ 16.115076486571816, 46.658095984040479 ], [ 16.115076486571816, 46.658094918988475 ], [ 16.115076099861746, 46.658094918988475 ], [ 16.115076099861746, 46.658094120199472 ], [ 16.115075713151676, 46.658094120199472 ], [ 16.115075713151676, 46.65809358767347 ], [ 16.115075326441605, 46.65809358767347 ], [ 16.115075326441605, 46.658092788884467 ], [ 16.115074939731535, 46.658092788884467 ], [ 16.115074939731535, 46.658091990095464 ], [ 16.115074553021465, 46.658091990095464 ], [ 16.115074553021465, 46.658091457569462 ], [ 16.115074166311395, 46.658091457569462 ], [ 16.115074166311395, 46.65809092504346 ], [ 16.115073779601325, 46.65809092504346 ], [ 16.115073779601325, 46.658090126254457 ], [ 16.115073392891254, 46.658090126254457 ], [ 16.115073392891254, 46.658089327465454 ], [ 16.115073006181184, 46.658089327465454 ], [ 16.115073006181184, 46.65808826241345 ], [ 16.115072619471114, 46.65808826241345 ], [ 16.115072619471114, 46.658087463624447 ], [ 16.115072232761044, 46.658087463624447 ], [ 16.115072232761044, 46.658086931098445 ], [ 16.115071846050974, 46.658086931098445 ], [ 16.115071846050974, 46.658086132309442 ], [ 16.115071459340903, 46.658086132309442 ], [ 16.115071459340903, 46.658085067257439 ], [ 16.115071072630833, 46.658085067257439 ], [ 16.115071072630833, 46.658084268468436 ], [ 16.115070685920763, 46.658084268468436 ], [ 16.115070685920763, 46.658081872101427 ], [ 16.115070299210693, 46.658081872101427 ], [ 16.115070299210693, 46.658081339575425 ], [ 16.115070685920763, 46.658081339575425 ], [ 16.115070685920763, 46.658079741997419 ], [ 16.115070299210693, 46.658079741997419 ], [ 16.115070299210693, 46.658078676945415 ], [ 16.115069912500623, 46.658078676945415 ], [ 16.115069912500623, 46.658077878156412 ], [ 16.115069525790553, 46.658077878156412 ], [ 16.115069525790553, 46.65807734563041 ], [ 16.115069139080482, 46.65807734563041 ], [ 16.115069139080482, 46.658076280578406 ], [ 16.115068752370412, 46.658076280578406 ], [ 16.115068752370412, 46.658074949263401 ], [ 16.115068365660342, 46.658074949263401 ], [ 16.115068365660342, 46.658073617948396 ], [ 16.115067978950272, 46.658073617948396 ], [ 16.115067978950272, 46.658073085422394 ], [ 16.115067592240202, 46.658073085422394 ], [ 16.115067592240202, 46.658072286633391 ], [ 16.115067205530131, 46.658072286633391 ], [ 16.115067205530131, 46.658071754107389 ], [ 16.115066818820061, 46.658071754107389 ], [ 16.115066818820061, 46.658070955318387 ], [ 16.115066432109991, 46.658070955318387 ], [ 16.115066432109991, 46.658070422792385 ], [ 16.115066045399921, 46.658070422792385 ], [ 16.115066045399921, 46.658069890266383 ], [ 16.115065658689851, 46.658069890266383 ], [ 16.115065658689851, 46.658069357740381 ], [ 16.11506527197978, 46.658069357740381 ], [ 16.11506527197978, 46.65806909147738 ], [ 16.11506488526971, 46.65806909147738 ], [ 16.11506488526971, 46.658068825214379 ], [ 16.11506449855964, 46.658068825214379 ], [ 16.11506449855964, 46.658068292688377 ], [ 16.11506411184957, 46.658068292688377 ], [ 16.11506411184957, 46.658068026425376 ], [ 16.1150637251395, 46.658068026425376 ], [ 16.1150637251395, 46.658067760162375 ], [ 16.115062178299219, 46.658067760162375 ], [ 16.115062178299219, 46.658067493899374 ], [ 16.115061791589149, 46.658067493899374 ], [ 16.115061791589149, 46.658063233691358 ], [ 16.115061404879079, 46.658063233691358 ], [ 16.115061404879079, 46.658062967428357 ], [ 16.115060244748868, 46.658062967428357 ], [ 16.115060244748868, 46.658062701165356 ], [ 16.115057537778377, 46.658062701165356 ], [ 16.114992183776515, 46.658062701165356 ], [ 16.114992183776515, 46.658062967428357 ], [ 16.114991797066445, 46.658062967428357 ], [ 16.114991797066445, 46.658130864493607 ], [ 16.115057537778377, 46.658130864493607 ], [ 16.115088861294062, 46.658130864493607 ], [ 16.115088861294062, 46.658131130756608 ], [ 16.115089634714202, 46.658131130756608 ] ] ] } }
]
}
